Sample ID,Locality,Notes,Source,SiO2,TiO2,Al2O3,Fe2O3,FeO,Fe2O3t,MnO,MgO,CaO,Na2O,K2O,P2O5,TOT/C,TOT/S,LOI,CO2,H2O,Sum,SrO,BaO,Rb,Cs,Be,Sr,Sr,Ba,Zr,Nb,Hf,Hf,Ta,Sc,V,Cr2O3,Cr,Co,Ni,Cu,Zn,Pb,Pb,Th,U,Ga,Y,La,Ce,Pr,Nd,Nd,Sm,Eu,Gd,Tb,Dy,Ho,Er,Tm,Yb,Lu,Mg#(oxide),(Na+K)/Al,NA2O+K2O,SiO2norm,TiO2norm,Al2O3norm,FeOtnorm,MnOnorm,MgOnorm,CaOnorm,Na2Onorm,K2Onorm,P2O5norm,La chond,Ce chond,Pr chond,Nd chond,Sm chond,Eu chond,Gd chond,Tb chond,Dy chond,Ho chond,Er chond,Tm chond,Yb chond,Lu chond,Th Spider,Nb Spider,Ta Spider,La Spider,Ce Spider,Nd Spider,P Spider,Zr Spider,Hf Spider,Eu Spider,Gd Spider,Ti Spider,Dy Spider,Y Spider,Yb Spider,Lu Spider,87Sr/86Sr,EpsilonSr,85Rb/86Sr,87Sr/86SrN,143Nd/144Nd,143Nd/144NdN,EpsilonNd,208Pb/204Pb (1),207Pb/204Pb (2),206Pb/204Pb (3),176Hf/177Hf
14-6,Diatreme 14,Tuff Breccia,Suda et al. (1982),44.96,2.04,13.75,3.67,1.11,4.9033543,0.116,4.08,12.2,1.08,1.92,0.695,-,-,10.19,6.43,3.76,99.3,-,-,-,-,-,-,-,0.48,-,-,-,-,-,-,-,-,-,-,-,-,-,-,-,-,-,-,-,-,-,-,-,-,-,-,-,-,-,-,-,-,-,-,48.04,0.33,3.52,52.74,2.39,16.13,5.18,0.14,4.79,14.31,1.27,2.25,0.82,-,-,-,-,-,-,-,-,-,-,-,-,-,-,-,-,-,-,-,-,-,-,-,-,-,-,-,-,-,-,-,-,-,-,-,-,-,-,-,-,-
2L-496,Woodchop,Black,Vazquez (1998),40.77,4.14,11.02,-,13.23,14.7002499,0.2,8.96,11.83,2.78,1.51,1.62,-,-,4.68,-,-,100.74,-,-,36.4,1.56,-,2058,-,979,571,122.91,12.37,-,7.36,22.3,-,-,164,-,147,25,148,7.01,-,11.5,3.34,23,42.59,117.92,230.91,26.3,107.33,-,20.41,6.11,15.62,2.15,10.03,1.6,3.62,0.44,2.27,0.34,40.38,0.57,4.47,42.44,4.31,11.47,13.77,0.21,9.33,12.32,2.89,1.57,1.69,380.4,285.8,215.5737705,178.9,104.6666667,83.1292517,60.30888031,45.35864979,31.14906832,21.97802198,17.23809524,13.58024691,10.86124402,10.55900621,-,-,-,-,-,-,-,-,-,-,-,-,-,-,-,-,-,-,-,-,-,-,-,-,-,-,-
3L-546,Woodchop,Hidden,Vazquez (1998),42.28,4.3,11.43,-,12.42,13.8002346,0.19,8.31,11.7,4.26,0.71,1.27,-,-,4.01,-,-,100.88,-,-,12.4,1.39,-,1722,-,1115,470,98.42,10.44,-,5.89,24.7,-,-,192,-,151,27,126,6.21,-,9.23,2.64,24,35.37,93.19,184.14,21.25,85.69,-,16.78,5.02,12.63,1.78,8.17,1.34,2.99,0.37,1.93,0.28,40.09,0.62,5.13,43.65,4.44,11.80,12.82,0.20,8.58,12.08,4.40,0.73,1.31,300.6,227.9,174.1803279,142.8,86.05128205,68.29931973,48.76447876,37.55274262,25.37267081,18.40659341,14.23809524,11.41975309,9.234449761,8.695652174,-,-,-,-,-,-,-,-,-,-,-,-,-,-,-,-,-,-,-,-,-,-,-,-,-,-,-
5B,5 Buttes,-,Alibert et al. (1986),39.7,4.14,11.58,14.69,-,14.69,0.21,8.73,10.75,3.49,1.24,1.41,-,-,4.16,-,-,100.1,-,-,-,-,-,-,-,907,-,-,-,-,-,-,294,-,171,-,123,-,-,-,-,-,-,-,41.5,110,216,-,112,-,18.9,5.22,12.2,-,8.07,-,2.43,-,2.14,-,39.77,0.59,5.01,42.02,4.38,12.26,13.99,0.22,9.24,11.38,3.69,1.31,1.49,354.8,267.3,,186.7,96.92307692,71.02040816,47.1042471,,25.0621118,,11.57142857,,10.23923445,,-,-,-,-,-,-,-,-,-,-,-,-,-,-,-,-,0.704018,-6.841732,-,-,0.512678,,0.780277701,39.12,15.851,20.063,-
5L-JM,Woodchop,Juniper,Vazquez (1998),40.71,4.17,11.09,-,13.29,14.7669177,0.2,9.32,11.48,3.74,0.86,1.64,-,-,4.28,-,-,100.78,-,-,9,0.71,-,1990,-,956,562,124.69,12.6,-,7.41,22.2,-,-,174,-,142,29,153,7.01,-,11.45,2.16,24,42.64,116.68,232.43,26.23,104.47,-,20.64,6.07,13.51,2.15,9.81,1.64,3.58,0.44,2.34,0.35,41.22,0.59,4.77,42.19,4.32,11.49,13.77,0.21,9.66,11.90,3.88,0.89,1.70,376.4,287.7,215,174.1,105.8461538,82.58503401,52.16216216,45.35864979,30.46583851,22.52747253,17.04761905,13.58024691,11.19617225,10.86956522,-,-,-,-,-,-,-,-,-,-,-,-,-,-,-,-,-,-,-,-,-,-,-,-,-,-,-
A31-09-1,Standing Rocks East,-,Nathalie PhD,39.7,4.08,10.24,-,-,12.45,0.19,5.99,13.6,3.55,0.56,1.53,0.66,0.02,7.5,2.64,4.86,99.39,-,-,12.5,20.7,3,1920.1,-,882,482.3,91,10.7,-,5.3,19,261,0.033,225.786,42.5,77,40,113,<1,-,10.8,3.5,19.5,37.7,106.1,216.7,25.37,101.7,-,17.62,5.07,13.7,1.82,8.91,1.45,3.41,0.44,2.48,0.34,34.84,0.57,4.53,43.80,4.50,11.30,12.36,0.21,6.61,15.00,3.92,0.62,1.69,342.3,268.2,207.9508197,169.5,90.35897436,68.97959184,52.8957529,38.39662447,27.67080745,19.91758242,16.23809524,13.58024691,11.86602871,10.55900621,128.5714286,127.6297335,129.2682927,149.8587571,118.2214948,74.45095168,73.37627802,43.0625,34.62783172,30.17857143,23.02521008,19.1093175,12.08955224,8.285714286,5.166666667,4.594594595,-,-,-,-,-,-,-,-,-,-,-
A-5,Diatreme A,Intrusive Limburgite,Suda et al. (1982),40.55,3.67,10.7,6.68,5.9,13.235667,0.161,11.6,12.2,2.77,0.75,0.89,-,-,3.63,3.63,0,100.03,0.113,-,26.71,-,-,-,-,26,-,-,0.48,-,-,1.94,-,-,22.6,4.3,-,-,-,-,-,0.98,-,-,-,6.57,8.75,-,n.d.,-,1.05,0.58,-,-,-,-,-,0.17,0.25,0.03,37.90,0.65,5.71,50.37,2.72,12.88,8.65,0.15,5.28,12.88,3.30,2.41,1.36,-,-,-,-,-,-,-,-,-,-,-,-,-,-,-,-,-,-,-,-,-,-,-,-,-,-,-,-,-,-,-,-,-,-,-,-,-,-,-,-,-
A-6,Diatreme A,Extrusive Limburgite,Suda et al. (1982),48.1,2.6,12.3,3.61,5.01,9.1767613,0.144,5.04,12.3,3.15,2.3,1.3,-,-,3.35,3.04,0.31,99.86,0.023,0.148,1.2,-,-,-,-,-,-,-,-,-,-,2.7,-,-,44.3,6.8,48.4,-,-,-,-,0.53,-,-,-,8.62,8.84,-,1.03,-,0.94,0.37,-,-,-,-,-,0.17,0.32,0.03,49.34,0.47,3.70,42.59,3.85,11.24,12.51,0.17,12.18,12.81,2.91,0.79,0.93,-,-,-,-,-,-,-,-,-,-,-,-,-,-,-,-,-,-,-,-,-,-,-,-,-,-,-,-,-,-,-,-,-,-,-,-,-,-,-,-,-
A8-09-11,Standing Rocks East,sheet (sill)/lava?,Nathalie PhD,43.09,4.52,11.32,-,-,10.62,0.16,6.2,11.99,4.49,0.54,1.62,<0.02,<0.02,4.7,0,4.7,99.25,-,-,12.6,15.4,1,2415.4,-,1397,491.6,92.1,11.8,-,6.1,21,271,0.035,239.47,37,67,22,184,<1,-,11.4,2.9,19.4,37.7,110.7,232,27.66,110.4,-,19.17,5.52,14.76,1.92,8.94,1.42,3.19,0.4,2.42,0.31,39.35,0.63,5.38,46.09,4.83,12.11,10.22,0.17,6.63,12.83,4.80,0.58,1.73,357.1,287.1,226.7213115,184.0,98.30769231,75.10204082,56.98841699,40.50632911,27.76397516,19.50549451,15.19047619,12.34567901,11.57894737,9.627329193,135.7142857,129.1725105,148.7804878,156.3559322,126.568467,80.81991215,77.69252967,43.89285714,38.18770227,32.85714286,24.80672269,21.17012625,12.1302578,8.285714286,5.041666667,4.189189189,-,-,-,-,-,-,-,-,-,-,-
ARJH10,Arch Rocks N vents,lava?,Hooten (1999),41,4.407656492,10.59,-,12.5,13.889125,0.18,10.68,11.94,3.65,0.63,1.22,-,-,3.38,-,-,100.1776565,-,-,8,4.24,-,1376,-,976,414,100.52,10.06,-,6.4,18,287,-,292,-,212,67,127,5.02,-,9.19,2.59,22,33.31,80.68,158.14,18.79,78.58,-,16.31,4.84,12.35,1.66,8.29,1.36,3.02,0.37,1.98,0.28,46.07,0.58,4.42,42.36,4.55,10.94,12.91,0.19,11.03,12.34,3.77,0.65,1.26,-,-,-,-,-,-,-,-,-,-,-,-,-,-,-,-,-,-,-,-,-,-,-,-,-,-,-,-,-,-,-,-,-,-,-,-,-,-,-,-,-
CA1,Castle Butte,-,Alibert et al. (1986),39.99,3.56,11.44,14.16,-,14.16,0.21,9.49,11.17,3.39,0.91,1. 76,-,-,4.07,-,-,98.39,-,-,-,-,-,-,-,1024,514,104,-,-,-,-,264,-,212,-,176,-,-,-,-,-,-,-,45.6,113,226,-,115,-,21. 7,6.07,14.5,-,8.95,-,3.25,-,2.31,0.3,42.68,0.54,4.54,42.24,3.76,12.08,13.46,0.22,10.02,11.80,3.58,0.96,1.86,-,-,-,-,-,-,-,-,-,-,-,-,-,-,-,-,-,-,-,-,-,-,-,-,-,-,-,-,-,-,-,-,-,-,-,-,-,-,-,-,-
CB-5,Castle Butte,Intrusive Monchiquite. Spatter?,Suda et al. (1982),44.21,4.62,12.6,9.24,3.16,12.7511708,0.148,5.12,11.1,4.18,1.79,1.38,-,0.24,2.61,2.4,0.21,101.25,0.225,-,59.61,-,-,-,-,1898,-,-,18.28,-,1.43,27.4,-,-,248.3,49,2999,-,-,-,-,21.58,-,-,-,174.07,317.94,-,191.97,-,29.86,7.84,-,2.04,-,-,-,0.97,2.19,0.72,30.85,0.69,6.18,45.75,4.78,13.04,11.88,0.15,5.30,11.49,4.33,1.85,1.43,561.5,393.5,0,320.0,153.1282051,106.6666667,0,43.03797468,0,0,0,29.9382716,10.4784689,22.36024845,-,-,-,-,-,-,-,-,-,-,-,-,-,-,-,-,-,-,-,-,-,-,-,-,-,-,-
CBTP2-10-18,Castle Butte Trading Post,C9 - coherent,Nathalie PhD,43.38,3.8,12.24,-,-,12.89,0.18,6.91,10.46,3.6,2.14,1.37,0.07,0.03,2.3,0.28,2.02,99.32,-,-,22.4,2.3,1,1934.8,,1293,447.3,104.4,9.9,,6.4,16,250,0.014,95.788,42.9,80,50,138,<1,-,12.7,3.5,21.8,34.8,109.3,216.2,24.39,97.4,-,16.53,4.66,12.43,1.69,7.86,1.36,3.1,0.41,2.48,0.33,37.33,0.69,6.00,45.34,3.97,12.79,12.12,0.19,7.22,10.93,3.76,2.24,1.43,352.6,267.6,199.9180328,162.3,84.76923077,63.40136054,47.99227799,35.65400844,24.40993789,18.68131868,14.76190476,12.65432099,11.86602871,10.2484472,151.1904762,146.4235624,156.097561,154.3785311,117.9487179,71.30307467,65.70294176,39.9375,32.03883495,27.73809524,20.8907563,17.79789375,10.66485753,7.648351648,5.166666667,4.459459459,-,-,-,-,-,-,-,-,-,-,-
CBTP2-10-20,Castle Butte Trading Post,C6,Nathalie PhD,44.55,3.96,12.45,-,-,12.07,0.17,5.2,10.35,4.56,1.54,1.44,0.05,<0.02,3.1,0.2,2.9,99.35,-,-,12.6,10.7,<1,1832.1,,1285,468.2,108.8,11.3,,6.4,17,247,0.014,95.788,36.3,51,22,145,5,-,13,3.4,21.9,37.6,113.3,219.6,25.28,99.2,-,17.27,4.88,12.8,1.76,8.3,1.46,3.19,0.43,2.63,0.37,32.37,0.71,6.42,46.85,4.16,13.09,11.42,0.18,5.47,10.89,4.80,1.62,1.51,365.5,271.8,207.2131148,165.3,88.56410256,66.39455782,49.42084942,37.13080169,25.77639752,20.05494505,15.19047619,13.27160494,12.58373206,11.49068323,154.7619048,152.5946704,156.097561,160.0282486,119.8036007,72.62079063,69.06002637,41.80357143,36.56957929,29.04761905,21.51260504,18.54727875,11.26187246,8.263736264,5.479166667,5,-,-,-,-,-,-,-,-,-,-,-
CBTP2-10-5A,Castle Butte Trading Post,CR-rich,Nathalie PhD,54.22,2.32,10.09,-,-,8.98,0.1,4.23,7.37,3.34,2.49,0.78,0.02,0.4,5.6,0.08,5.52,99.55,-,-,43.2,4,1,1154.6,,1064,387.2,64.4,9.5,,3.6,11,162,0.01,68.42,35.8,80,27,88,<1,-,9,3.7,17.3,26.3,67.6,134.3,15.49,57.6,-,10.35,2.91,8.19,1.17,5.6,0.98,2.58,0.34,2.15,0.31,34.36,0.85,6.27,58.29,2.49,10.85,8.69,0.11,4.55,7.92,3.59,2.68,0.84,218.1,166.2,126.9672131,96.0,53.07692308,39.59183673,31.62162162,24.6835443,17.39130435,13.46153846,12.28571429,10.49382716,10.28708134,9.627329193,107.1428571,90.32258065,87.80487805,95.48022599,73.26786688,42.16691069,37.40751429,34.57142857,30.74433657,17.32142857,13.76470588,10.8660825,7.598371777,5.78021978,4.479166667,4.189189189,-,-,-,-,-,-,-,-,-,-,-
CBTP2-10-5B,Castle Butte Trading Post,CR-rich,Nathalie PhD,40.89,3.55,11.05,-,-,10.83,0.16,4.63,9.35,6.96,1.29,1.29,0.02,0.03,9.4,0.08,9.32,99.38,-,-,14.6,5.6,3,1790.4,,1354,420.9,93.6,9.7,,5.6,15,226,0.013,88.946,35,52,31,133,<1,-,11.9,3.4,18.4,33.2,100.6,197.4,22.93,86.5,-,15.46,4.4,11.96,1.61,7.44,1.35,3.14,0.4,2.27,0.33,32.20,1.07,9.28,45.99,3.99,12.43,10.96,0.18,5.21,10.52,7.83,1.45,1.45,324.5,244.3,187.9508197,144.2,79.28205128,59.86394558,46.17760618,33.96624473,23.10559006,18.54395604,14.95238095,12.34567901,10.86124402,10.2484472,141.6666667,131.2762973,136.5853659,142.0903955,107.6923077,63.32357247,61.86627363,37.58035714,31.39158576,26.19047619,20.10084034,16.62697969,10.09497965,7.296703297,4.729166667,4.459459459,-,-,-,-,-,-,-,-,-,-,-
CBTP3-10-15,Castle Butte Trading Post,B5 welded spatter,Nathalie PhD,43.16,3.74,12.07,-,-,12.36,0.18,6.26,10.46,4.28,1.18,1.34,0.16,<0.02,4.3,0.64,3.66,99.32,-,-,13,8.7,4,2024.5,,1303,455.4,103.9,11,,5.7,16,272,0.012,82.104,41,72,28,138,<1,-,12.9,5.4,21.5,36.3,108.9,215.4,24.2,92.4,-,16.05,4.61,12.55,1.65,7.45,1.23,3.09,0.41,2.2,0.35,36.01,0.65,5.82,46.02,3.99,12.87,11.86,0.19,6.67,11.15,4.56,1.26,1.43,351.3,266.6,198.3606557,154.0,82.30769231,62.72108844,48.45559846,34.81012658,23.13664596,16.8956044,14.71428571,12.65432099,10.52631579,10.86956522,153.5714286,145.7223001,139.0243902,153.8135593,117.512275,67.64275256,64.26419121,40.66071429,35.5987055,27.44047619,21.09243697,17.51687438,10.10854817,7.978021978,4.583333333,4.72972973,-,-,-,-,-,-,-,-,-,-,-
CBTP3-10-9,Castle Butte Trading Post,B5 welded spatter,Nathalie PhD,43.18,3.75,12.19,-,-,12.74,0.18,7.2,10.12,3.97,1.76,1.35,0.04,0.06,2.9,0.16,2.74,99.32,-,-,12.1,2.7,4,1978.3,,1318,467.1,103.6,10.5,,5.9,16,242,0.013,88.946,44.4,87,50,142,<1,-,12.5,5.1,22.3,36.7,111,216.3,24.92,94.5,-,16.88,4.74,12.66,1.75,7.73,1.38,3.36,0.43,2.36,0.33,38.57,0.68,6.02,45.37,3.94,12.81,12.05,0.19,7.57,10.63,4.17,1.85,1.42,358.1,267.7,204.2622951,157.5,86.56410256,64.48979592,48.88030888,36.91983122,24.00621118,18.95604396,16,13.27160494,11.29186603,10.2484472,148.8095238,145.3015428,143.902439,156.779661,118.0032733,69.18008785,64.74377473,41.70535714,33.98058252,28.21428571,21.27731092,17.56371094,10.48846676,8.065934066,4.916666667,4.459459459,-,-,-,-,-,-,-,-,-,-,-
CH1,Chimney Butte,-,Alibert et al. (1986),42.31,3.44,13.14,14,-,14,0.22,7.63,10.41,4.73,2.87,1.71,-,-,-0.38,-,-,100.08,-,-,-,-,-,-,-,1304,564,119,-,-,-,-,243,-,124,-,107,-,-,-,-,-,-,-,46.6,124,242,-,113,-,21.6,5.91,14.2,-,8.77,-,3.37,-,2.56,0.39,37.72,0.85,7.67,42.71,3.47,13.26,12.72,0.22,7.70,10.51,4.77,2.90,1.73,400.0,299.5,-,188.3,110.7692308,80.40816327,54.82625483,,27.23602484,,16.04761905,,12.24880383,12.11180124,-,-,-,-,-,-,-,-,-,-,-,-,-,-,-,-,0.703654,-12.008517,-,-,0.512758,,2.340833103,38.89,15.696,19.297,-
CL505,Woodchop,Clark,Vazquez (1998),40.88,4.24,11.15,-,12.98,14.4224674,0.21,8.74,10.94,3.56,2.6,1.76,-,-,1.81,-,-,98.87,-,-,41.5,0.63,-,1826,-,1024,585,132.57,13.14,-,7.92,22.2,-,-,147,-,130,31,153,7.17,-,12.23,3.57,25,45.07,127.84,249.34,28.49,113.76,-,22.16,6.48,16.31,2.2,10.53,1.74,3.76,0.46,2.47,0.36,40.24,0.81,6.35,42.12,4.37,11.49,13.37,0.22,9.00,11.27,3.67,2.68,1.81,412.4,308.6,233.5245902,189.6,113.6410256,88.16326531,62.97297297,46.41350211,32.70186335,23.9010989,17.9047619,14.19753086,11.81818182,11.18012422,-,-,-,-,-,-,-,-,-,-,-,-,-,-,-,-,-,-,-,-,-,-,-,-,-,-,-
D1,Dilkon,-,Alibert et al. (1986),39.43,4.01,11.67,14.35,-,14.35,0.22,8.12,10.29,4.25,0.97,1. 74,-,-,3.78,-,-,97.09,-,-,-,-,-,-,-,1202,-,-,-,-,-,-,254,-,120,-,125,-,-,-,-,-,-,-,49.4,131,266,-,129,-,24,6.5,15.7,-,9.48,-,3.6,-,2.7,0.39,38.60,0.64,5.58,42.12,4.28,12.47,13.80,0.24,8.67,10.99,4.54,1.04,1.86,422.6,329.2,,215.0,123.0769231,88.43537415,60.61776062,,29.44099379,,17.14285714,,12.91866029,12.11180124,-,-,-,-,-,-,-,-,-,-,-,-,-,-,-,-,0.703923,-8.190206,-,-,0.51283,,3.745332964,38.8,15.635,19.122,-
FBJH6,French Butte,dike,Hooten (1999),43.56,3.819694014,13.19,-,11.24,12.4891012,0.22,6.05,9.98,4.43,2.75,2.25,-,-,2.62,-,-,100.109694,-,-,47,0.74,-,2097,-,1352,696,157.49,15.63,-,9.75,7,234,-,94,-,68,38,188,9.23,-,18.53,6.2,29,47.24,157.58,285.15,33.32,132.1,-,24.77,7.14,17.02,2.34,11.56,1.93,4.29,0.54,2.94,0.42,34.99,0.80,7.36,44.68,3.92,13.53,11.53,0.23,6.21,10.24,4.54,2.82,2.31,-,-,-,-,-,-,-,-,-,-,-,-,-,-,-,-,-,-,-,-,-,-,-,-,-,-,-,-,-,-,-,-,-,-,-,-,-,-,-,-,-
H1,Bidahochi Butte,-,Alibert et al. (1986),40,3.37,11.74,13.1,-,13.1,0.25,5.42,12.67,3.78,1.54,1. 70,-,-,5.83,-,-,97.7,-,-,-,-,-,-,-,1356,-,-,-,-,-,-,201,-,59,-,41,-,-,-,-,-,-,-,68.1,183,386,-,185,-,33.8,8.94,23.4,-,13.9,-,5.42,-,3.71,0.54,31.49,0.66,5.77,43.36,3.65,12.72,12.78,0.27,5.87,13.73,4.10,1.67,1.84,590.3,477.7,-,308.3,173.3333333,121.6326531,90.34749035,,43.16770186,,25.80952381,,17.75119617,16.77018634,-,-,-,-,-,-,-,-,-,-,-,-,-,-,-,-,0.704596,1.362669,-,-,0.512752,,2.223791447,38.76,15.67,19.269,-
H2,Bidahochi Butte,-,Alibert et al. (1986),40.34,3.38,11.09,13.32,-,13.32,0.22,6.87,12.27,2.79,1.71,1.54,-,-,6.11,-,-,99.64,-,-,-,-,-,-,-,1222,-,-,-,-,-,-,260,-,164,-,106,-,-,-,-,-,-,-,45.5,135,269,-,126,-,22.5,6,15.9,-,9.37,-,3.69,-,2.51,0.36,36.43,0.59,4.88,43.75,3.67,12.03,13.00,0.24,7.45,13.31,3.03,1.85,1.67,435.5,332.9,-,210.0,115.3846154,81.63265306,61.38996139,,29.09937888,,17.57142857,,12.00956938,11.18012422,-,-,-,-,-,-,-,-,-,-,-,-,-,-,-,-,0.707046,36.139106,-,-,0.512758,,2.340833103,38.85,16.461,23.129,-
H-5,Hoskietso,(SE) Extrusive Monchiquite.,Suda et al. (1982),39.04,3.29,12,9.4,2.51,12.1889363,0.19,5.08,12.9,3.92,1.77,2.19,-,-,6.01,4.76,1.25,99.91,0.305,0.133,-,-,-,-,-,-,-,-,-,-,-,-,-,-,-,-,-,-,-,-,-,-,-,-,-,-,-,-,-,-,-,-,-,-,-,-,-,-,-,-,31.65,0.69,6.23,42.74,3.60,13.14,12.01,0.21,5.56,14.12,4.29,1.94,2.40,0.0,0.0,0,0.0,0,0,0,0,0,0,0,0,0,0,-,-,-,-,-,-,-,-,-,-,-,-,-,-,-,-,-,-,-,-,-,-,-,-,-,-,-
HB1-BA,Woodchop,Churro (basal) ,Vazquez (1998),42.93,3.62,11.8,-,12.29,13.6557877,0.21,6.99,11.03,4.19,2.59,1.94,-,-,-0.21,-,-,97.38,-,-,48.9,1.1,-,1952,-,1318,538,143.59,12.06,-,8.25,19.7,-,-,141,-,67,25,157,9.81,-,14.2,4.13,25,46.71,136.75,259.63,28.93,114.08,-,22.43,6.55,16.65,2.29,10.92,1.18,3.92,0.49,2.69,0.39,36.26,0.84,6.95,43.99,3.71,12.09,12.59,0.22,7.16,11.30,4.29,2.65,1.99,441.1,321.3,237.1311475,190.1,115.025641,89.11564626,64.28571429,48.31223629,33.91304348,16.20879121,18.66666667,15.12345679,12.8708134,12.11180124,-,-,-,-,-,-,-,-,-,-,-,-,-,-,-,-,-,-,-,-,-,-,-,-,-,-,-
HBV15,Woodchop,Haskie,Vazquez (1998),41.75,3.88,11.68,-,13.26,14.7335838,0.21,8.26,10.52,4.19,2.54,1.59,-,-,-0.52,-,-,97.36,-,-,43.9,0.84,-,1683,-,1105,497,130.06,11.51,-,7.79,21.3,-,-,135,-,97,28,160,8.28,-,11.94,3.42,27,42.5,113.48,218.54,24.91,100.59,-,19.98,5.99,15.02,2.06,9.94,1.65,3.61,0.43,2.28,0.33,38.38,0.84,6.88,42.65,3.96,11.93,13.55,0.21,8.44,10.75,4.28,2.60,1.62,366.1,270.5,204.1803279,167.7,102.4615385,81.49659864,57.99227799,43.45991561,30.86956522,22.66483516,17.19047619,13.27160494,10.90909091,10.2484472,-,-,-,-,-,-,-,-,-,-,-,-,-,-,-,-,-,-,-,-,-,-,-,-,-,-,-
HBV3,Woodchop,Churro (upper) ,Vazquez (1998),41.98,3.65,11.55,-,12.56,13.9557928,0.21,7.98,11.19,4.14,2.44,1.89,-,-,0.13,-,-,97.72,-,-,43.2,0.9,-,2019,-,1231,517,134.77,11.56,-,7.85,20.8,-,-,142,-,89,28,160,8.89,-,13.32,3.98,23,45.22,130.56,248.86,27.72,111.69,-,21.96,6.45,15.59,2.18,10.48,1.7,3.88,0.47,2.5,0.36,38.85,0.83,6.74,43.02,3.74,11.84,12.87,0.22,8.18,11.47,4.24,2.50,1.94,421.2,308.0,227.2131148,186.2,112.6153846,87.75510204,60.19305019,45.99156118,32.54658385,23.35164835,18.47619048,14.50617284,11.96172249,11.18012422,-,-,-,-,-,-,-,-,-,-,-,-,-,-,-,-,-,-,-,-,-,-,-,-,-,-,-
HBV32,Woodchop,Gwen,Vazquez (1998),42.67,3.77,11.55,-,12.64,14.0446832,0.19,8.53,10.66,3.87,2.55,1.49,-,-,-0.26,-,-,97.66,-,-,46.8,0.83,-,1602,-,1090,459,118.38,10.47,-,6.84,23.1,-,-,162,-,115,29,143,6.74,-,11.71,3.42,26,40.28,105.69,204.45,22.93,92.84,-,18.22,5.45,13.91,1.92,9.16,1.5,3.37,0.41,2.21,0.33,40.29,0.82,6.56,43.58,3.85,11.80,12.91,0.19,8.71,10.89,3.95,2.60,1.52,340.9,253.0,187.9508197,154.7,93.43589744,74.14965986,53.70656371,40.50632911,28.44720497,20.6043956,16.04761905,12.65432099,10.57416268,10.2484472,-,-,-,-,-,-,-,-,-,-,-,-,-,-,-,-,-,-,-,-,-,-,-,-,-,-,-
HBV42,Woodchop,Cube,Vazquez (1998),41.23,4.48,12.28,-,13.64,15.1558132,0.2,7.57,10.43,3.73,2.64,1.69,-,-,0.33,-,-,98.22,-,-,39.6,0.6,-,1561,-,1015,488,115.34,11.69,-,7.22,22.3,-,-,87,-,59,25,159,6.1,-,8.93,2.6,27,42.05,137.19,267.79,29.78,121.7,-,24.25,6.82,17.16,2.28,11.16,1.85,4.08,0.49,2.68,0.33,35.69,0.76,6.51,42.12,4.58,12.54,13.93,0.20,7.73,10.65,3.81,2.70,1.73,442.5,331.4,244.0983607,202.8,124.3589744,92.78911565,66.25482625,48.10126582,34.65838509,25.41208791,19.42857143,15.12345679,12.82296651,10.2484472,-,-,-,-,-,-,-,-,-,-,-,-,-,-,-,-,-,-,-,-,-,-,-,-,-,-,-
HBV43,Woodchop,Sunshine,Vazquez (1998),41.29,4.47,12.03,-,13.69,15.2113697,0.2,8.03,10.5,3.53,2.59,1.55,-,-,-0.3,-,-,97.58,-,-,39.5,0.59,-,1478,-,954,450,105.5,10.51,-,6.37,23.4,-,-,119,-,86,35,147,5.47,-,8.2,2.43,26,39.62,96.39,193.25,22.93,93.73,-,18.71,5.66,13.88,1.91,9.04,1.53,3.33,0.4,2.14,0.31,36.97,0.75,6.25,42.18,4.57,12.29,13.99,0.20,8.20,10.73,3.61,2.65,1.58,310.9,239.2,187.9508197,156.2,95.94871795,77.00680272,53.59073359,40.29535865,28.07453416,21.01648352,15.85714286,12.34567901,10.23923445,9.627329193,-,-,-,-,-,-,-,-,-,-,-,-,-,-,-,-,-,-,-,-,-,-,-,-,-,-,-
HBV47C,Woodchop,Cairn,Vazquez (1998),40.33,4.28,11.15,-,13.19,14.6558047,0.22,8.53,11.01,3.8,2.34,1.93,-,-,2.03,-,-,98.81,-,-,36.6,0.6,-,1889,-,992,635,138.01,14.24,-,8.74,21.4,-,-,126,-,105,22,164,8.69,-,12.21,4.03,26,47.53,137.19,267.79,29.78,121.47,-,24.25,6.82,17.16,2.28,11.16,1.85,4.08,0.49,2.68,0.37,39.27,0.81,6.34,41.67,4.42,11.52,13.63,0.23,8.81,11.38,3.93,2.42,1.99,442.5,331.4,244.0983607,202.5,124.3589744,92.78911565,66.25482625,48.10126582,34.65838509,25.41208791,19.42857143,15.12345679,12.82296651,11.49068323,-,-,-,-,-,-,-,-,-,-,-,-,-,-,-,-,-,-,-,-,-,-,-,-,-,-,-
HBVF-PB,Pyramid Butte,-,Nathalie 2015,41.95,3.64,11.38,-,-,13.25,0.19,8.98,10.75,3.66,2.22,1.38,0.03,0.03,1.8,0.12,1.68,99.41,-,-,40.4,0.6,3,1925,1929,1307,463.4,106,10.4,10.78,4.4,19,244,0.032,218.944,47.9,138,57,140,10,7.69,13.5,3.7,22.3,34.5,110.3,219,25.59,98.4,108.1,16.69,4.82,13.31,1.52,7.52,1.21,2.95,0.36,2.12,0.29,42.96,0.76,6.12,43.66,3.79,11.84,12.41,0.20,9.35,11.19,3.81,2.31,1.44,-,-,-,-,-,-,-,-,-,-,-,-,-,-,-,-,-,-,-,-,-,-,-,-,-,-,-,-,-,-,-,-,-,-,-,-,-,-,-,-,-
HBVF-SBWD,Shonto Butte,west dyke,Nathalie 2015,38.35,4.41,11.8,-,-,14.69,0.21,6.48,11.29,5.13,1.86,1.92,0.65,0.05,3.1,2.6,0.5,99.41,-,-,10.6,0.6,5,1947.2,1931,1067,618.9,117,14,13.71,3.6,17,234,0.01,68.42,47.9,83,47,167,11,8.5,12.5,3.6,25.1,43.3,115,248.6,30.89,121.7,132.2,21.62,6.13,16.59,1.95,9.81,1.51,3.62,0.45,2.7,0.35,32.89,0.86,7.38,40.51,4.66,12.46,13.97,0.22,6.84,11.93,5.42,1.96,2.03,-,-,-,-,-,-,-,-,-,-,-,-,-,-,-,-,-,-,-,-,-,-,-,-,-,-,-,-,-,-,-,-,-,-,-,-,-,-,-,-,-
HBVF-U1,U1 Butte,-,Nathalie 2015,39.59,4.23,10.85,-,-,14.2,0.2,8.72,11.19,3.79,1.31,1.86,0.02,<0.02,3.3,0.08,3.22,99.35,-,-,18.1,0.6,4,2025.2,2098,1039,671.1,130.2,14.7,14.58,2.8,19,249,0.026,177.892,48.2,108,61,165,16,9.41,14.8,3.2,22.6,41.4,132.8,278.4,33.26,128.3,141.9,22.05,6.22,17.06,1.97,9.62,1.53,3.63,0.44,2.59,0.33,40.56,0.68,5.40,41.89,4.48,11.48,13.52,0.21,9.23,11.84,4.01,1.39,1.97,-,-,-,-,-,-,-,-,-,-,-,-,-,-,-,-,-,-,-,-,-,-,-,-,-,-,-,-,-,-,-,-,-,-,-,-,-,-,-,-,-
HBVF-U2,U2 Butte,-,Nathalie 2015,41.86,3.5,10.16,-,-,13,0.18,11.99,10.57,2.75,2.27,1.13,0.03,0.03,1.8,0.12,1.68,99.45,-,-,37.4,0.3,3,1333.5,1363,969,408.8,85,9.3,10.12,4.8,20,240,0.052,355.784,59.3,316,64,121,11,6.56,9.6,2.4,19.5,28.9,83.6,172.3,20.73,82.8,89.9,14.34,4.09,11.59,1.3,6.45,1.05,2.39,0.3,1.81,0.24,50.61,0.73,5.22,43.55,3.64,10.57,12.17,0.19,12.48,11.00,2.86,2.36,1.18,-,-,-,-,-,-,-,-,-,-,-,-,-,-,-,-,-,-,-,-,-,-,-,-,-,-,-,-,-,-,-,-,-,-,-,-,-,-,-,-,-
HDJH1,Highway Dike,dike?,Hooten (1999),41.71,4.138286894,11.71,-,11.08,12.3113204,0.24,8.15,12.82,3.63,2.03,1.49,-,-,3.09,-,-,100.0882869,-,-,42.6,0.67,-,2380,-,1159,462,114.35,11.36,-,7.1,20,274,-,209,-,135,54,148,7.14,-,12.67,4.54,22,40.64,111.45,206.75,24.07,97.62,-,19.61,5.79,14.39,1.92,9.73,1.57,3.59,0.44,2.36,0.34,42.38,0.71,5.84,43.00,4.27,12.07,11.42,0.25,8.40,13.22,3.74,2.09,1.54,-,-,-,-,-,-,-,-,-,-,-,-,-,-,-,-,-,-,-,-,-,-,-,-,-,-,-,-,-,-,-,-,-,-,-,-,-,-,-,-,-
HOS-10-14B,Hoskietso,dike,Nathalie PhD,39.65,3.69,11.45,-,-,11.44,0.21,5.27,12.38,4.16,0.73,2.86,0.06,0.03,6.8,0.24,6.56,98.64,-,-,9.1,20.9,4,6316.4,,1594,995.4,187,22.2,,9.5,13,182,0.007,47.894,28.3,<20,10,206,22,-,21.1,2.8,21.8,60.7,196.4,397.1,48.91,183.6,-,32.7,9.33,24.63,3,15.12,2.25,5.44,0.66,3.12,0.49,33.86,0.61,5.39,43.72,4.07,12.62,11.35,0.23,5.81,13.65,4.59,0.80,3.15,633.5,491.5,400.9016393,306.0,167.6923077,126.9387755,95.0965251,63.29113924,46.95652174,30.90659341,25.9047619,20.37037037,14.92822967,15.2173913,251.1904762,262.2720898,231.7073171,277.4011299,216.639389,134.4070278,137.1608857,88.875,71.84466019,55.53571429,41.39495798,17.28269156,20.5156038,13.34065934,6.5,6.621621622,-,-,-,-,-,-,-,-,-,-,-
HOS-10-15,Hoskietso,dike,Nathalie PhD,40.77,3.75,11.96,-,-,9.54,0.16,5.5,12.43,4.25,1.18,2.74,0.03,0.03,6.7,0.12,6.58,98.95,-,-,10.4,15.5,3,4051.2,,1439,979.4,191.7,20.6,,10.5,14,194,0.009,61.578,31.4,43,12,195,<1,-,19,6.6,21.8,63.7,192.7,397.5,46.65,184.1,-,31.27,8.95,23.35,3.12,14.01,2.3,5.45,0.77,3.97,0.56,39.05,0.65,5.95,44.64,4.11,13.10,9.40,0.18,6.02,13.61,4.65,1.29,3.00,621.6,492.0,382.3770492,306.8,160.3589744,121.7687075,90.15444015,65.82278481,43.50931677,31.59340659,25.95238095,23.7654321,18.99521531,17.39130435,226.1904762,268.8639551,256.097561,272.1751412,216.8576105,134.77306,131.4058835,87.44642857,66.66666667,53.27380952,39.24369748,17.56371094,19.00949796,14,8.270833333,7.567567568,-,-,-,-,-,-,-,-,-,-,-
HOS-10-22,Hoskietso,dike,Nathalie PhD,36.96,4.11,11.06,-,-,11.59,0.16,5.87,13.35,2.09,0.91,3.23,0.08,0.1,8.9,0.32,8.58,98.24,-,-,8.5,1.4,3,3703.4,,7517,1141.9,213,24.8,,12,15,176,0.006,41.052,30.4,23,46,227,49,-,23.8,4,18.6,74.8,237.9,477.5,56.3,212.8,-,37.37,10.53,27.5,3.71,17.62,2.8,6.72,0.83,4.52,0.63,36.01,0.39,3.40,41.92,4.66,12.54,11.83,0.18,6.66,15.14,2.37,1.03,3.66,767.4,591.0,461.4754098,354.7,191.6410256,143.2653061,106.1776062,78.27004219,54.72049689,38.46153846,32,25.61728395,21.62679426,19.56521739,283.3333333,298.7377279,292.6829268,336.0169492,260.5019094,155.7833089,154.9054758,101.9553571,80.25889968,62.67857143,46.21848739,19.24982719,23.90773406,16.43956044,9.416666667,8.513513514,-,-,-,-,-,-,-,-,-,-,-
HOS-10-26,Hoskietso,bomb,Nathalie PhD,39.38,3.53,11.74,-,-,11.96,0.17,4.91,11.18,4.65,0.97,2.76,0.03,0.12,7.8,0.12,7.68,99.03,-,-,10.2,13.9,8,3025.4,,1981,942,184.8,20.3,,11.2,12,169,0.005,34.21,40.2,34,25,186,37,-,20.6,4.3,25.7,61.9,194.9,399,47.3,185.1,-,30.89,8.81,23.23,3.1,14.34,2.24,5.46,0.67,3.77,0.54,31.33,0.68,6.24,43.73,3.92,13.04,11.95,0.19,5.45,12.41,5.16,1.08,3.06,628.7,493.8,387.704918,308.5,158.4102564,119.8639456,89.69111969,65.40084388,44.53416149,30.76923077,26,20.67901235,18.03827751,16.77018634,245.2380952,259.1865358,273.1707317,275.2824859,217.6759411,135.5051245,132.3650505,84.10714286,65.69579288,52.44047619,39.04201681,16.53330656,19.45725916,13.6043956,7.854166667,7.297297297,-,-,-,-,-,-,-,-,-,-,-
HOS-10-34,Hoskietso,dike,Nathalie PhD,41.26,3.77,11.78,-,-,11.63,0.18,5.43,11.61,5.25,0.92,2.84,0.03,0.07,4.4,0.12,4.28,99.1,-,-,12.9,18.5,5,3515.4,,724,931.4,184.2,22.3,,10.8,14,188,0.009,61.578,25.7,28,13,195,<1,-,20.5,5.7,23.9,59.2,191.2,394.7,46.86,178.8,-,30.73,8.96,23.63,3.13,13.88,2.37,5.5,0.69,3.74,0.55,34.16,0.75,6.60,44.13,4.03,12.60,11.19,0.19,5.81,12.42,5.61,0.98,3.04,616.8,488.5,384.0983607,298.0,157.5897436,121.9047619,91.23552124,66.03375527,43.10559006,32.55494505,26.19047619,21.2962963,17.89473684,17.08074534,244.047619,258.345021,263.4146341,270.0564972,215.33006,130.8931186,136.2017187,83.16071429,72.16828479,53.33333333,39.71428571,17.65738406,18.83310719,13.01098901,7.791666667,7.432432432,-,-,-,-,-,-,-,-,-,-,-
HOS-10-37,Hoskietso,dike,Nathalie PhD,42.15,4.5,12.35,-,-,8.35,0.14,6.51,12.94,2.57,1.25,1.65,0.1,0.06,6.8,0.4,6.4,99.3,-,-,18.5,4.7,3,1927.7,,1176,592.4,120.6,13.5,,7.5,21,286,0.037,253.154,27.3,46,50,205,<1,-,13,3.2,22.4,41.4,120.6,252,29.25,110.4,-,19.62,5.67,15.37,2.06,9.25,1.52,3.7,0.47,2.58,0.35,46.42,0.45,4.17,46.03,4.91,13.49,8.21,0.15,7.11,14.13,2.81,1.37,1.80,389.0,311.9,239.7540984,184.0,100.6153846,77.14285714,59.34362934,43.45991561,28.72670807,20.87912088,17.61904762,14.50617284,12.34449761,10.86956522,154.7619048,169.14446,182.9268293,170.3389831,137.4795417,80.81991215,79.13128022,52.89285714,43.68932039,33.75,25.83193277,21.07645313,12.55088195,9.098901099,5.375,4.72972973,0.703848918,-9.241755,-2.65517E-07,0.703819098,0.512764456,0.512771804,2.466761,38.5042,15.5505,18.9093,0.282813
HOS-10-38,Hoskietso,pw spatter,Nathalie PhD,41.46,3.57,11.49,-,-,12.01,0.17,5.16,11.75,4.94,0.59,2.65,0.17,0.06,5.4,0.68,4.72,99.17,-,-,14.3,29.6,1,2870.5,,899,969.7,174.2,21.9,,9.6,13,181,0.004,27.368,28.2,<20,16,166,<1,-,20.2,6.2,27.4,58,179.1,378.3,45.9,186.7,-,30.72,8.6,24.49,2.77,12.94,2.11,5.3,0.6,3.84,0.46,32.31,0.68,5.97,44.78,3.86,12.41,11.67,0.18,5.57,12.69,5.34,0.64,2.86,577.7,468.2,376.2295082,311.2,157.5384615,117.0068027,94.55598456,58.43881857,40.1863354,28.98351648,25.23809524,18.51851852,18.37320574,14.28571429,240.4761905,244.3197756,234.1463415,252.9661017,206.3829787,136.6764275,127.0896319,86.58035714,70.87378641,51.19047619,41.15966387,16.72065281,17.55766621,12.74725275,8,6.216216216,-,-,-,-,-,-,-,-,-,-,-
HOS-10-3B,Hoskietso,pizza,Nathalie PhD,41.25,3.55,11.33,-,-,11.02,0.18,5.18,11.84,4.49,0.9,2.84,0.03,0.13,6.5,0.12,6.38,99.12,-,-,11.4,16,3,3808.1,,554,856.1,175.6,19.8,,9.6,13,161,0.006,41.052,27.2,24,23,187,<1,-,19.3,3.9,20.6,59.2,188.4,390.9,45.54,179.6,-,30.01,8.59,23.02,3.07,14,2.25,5.34,0.66,3.73,0.5,34.31,0.68,5.89,45.09,3.88,12.39,10.84,0.20,5.66,12.94,4.91,0.98,3.10,607.7,483.8,373.2786885,299.3,153.8974359,116.8707483,88.88030888,64.76793249,43.47826087,30.90659341,25.42857143,20.37037037,17.84688995,15.52795031,229.7619048,246.28331,234.1463415,266.1016949,213.2569558,131.4787701,136.2017187,76.4375,64.0776699,51.13095238,38.68907563,16.62697969,18.99592944,13.01098901,7.770833333,6.756756757,-,-,-,-,-,-,-,-,-,-,-
HOS-10-4,Hoskietso,pizza,Nathalie PhD,40.43,3.6,11.7,-,-,11.38,0.2,5.5,12.09,4.69,0.76,2.93,0.03,0.03,5.9,0.12,5.78,99.13,-,-,12.4,20.9,3,3549.6,,476,882.3,177.7,20.9,,10.5,13,171,0.006,41.052,29.2,24,13,188,<1,-,19.7,3.6,22.2,61.4,205.6,406.8,48.42,191.4,-,31.82,9.01,23.72,3.16,14.99,2.37,5.27,0.67,3.84,0.52,34.94,0.66,5.91,43.88,3.91,12.70,11.12,0.22,5.97,13.12,5.09,0.82,3.18,663.2,503.5,396.8852459,319.0,163.1794872,122.585034,91.58301158,66.66666667,46.55279503,32.55494505,25.0952381,20.67901235,18.37320574,16.14906832,234.5238095,249.2286115,256.097561,290.3954802,221.9312602,140.1171303,140.5179703,78.77678571,67.63754045,53.63095238,39.86554622,16.8611625,20.33921303,13.49450549,8,7.027027027,-,-,-,-,-,-,-,-,-,-,-
HOS-10-41,Hoskietso,dike,Nathalie PhD,40.74,3.74,12.13,-,-,9.96,0.17,5.48,12.35,4.86,1,2.85,0.13,0.02,5.7,0.52,5.18,98.97,-,-,10.2,16.9,6,3902.3,,1177,1014.8,198.4,22,,10.7,13,189,0.007,47.894,25.1,25,9,192,<1,-,21.1,7.7,27.6,62.5,204.3,424.9,49.32,189.6,-,32.28,9.49,24.63,3.25,14.76,2.42,5.78,0.71,4.18,0.55,37.94,0.69,6.35,44.15,4.05,13.14,9.71,0.18,5.94,13.38,5.27,1.08,3.09,659.0,525.9,404.2622951,316.0,165.5384615,129.1156463,95.0965251,68.56540084,45.83850932,33.24175824,27.52380952,21.91358025,20,17.08074534,251.1904762,278.2608696,260.9756098,288.559322,231.8057829,138.7994143,136.6813022,90.60714286,71.197411,56.48809524,41.39495798,17.51687438,20.02713704,13.73626374,8.708333333,7.432432432,-,-,-,-,-,-,-,-,-,-,-
HOS-10-43,Hoskietso,dike,Nathalie PhD,40.7,4.05,12.57,-,-,11.48,0.18,6.07,12.16,4.33,1.7,2.66,0.02,0.02,3.4,0.08,3.32,99.28,-,-,20.5,5.1,4,1960.7,,715,842.4,176.9,20.6,,10.9,15,204,0.009,61.578,29.9,28,6,169,<1,-,20.8,5.5,26.7,58.3,199.5,421.5,49.02,193.6,-,32.35,9.27,23.94,3.23,14.25,2.24,5.38,0.67,3.36,0.5,37.01,0.69,6.36,42.95,4.27,13.27,10.90,0.19,6.41,12.83,4.57,1.79,2.81,643.5,521.7,401.8032787,322.7,165.8974359,126.122449,92.43243243,68.14345992,44.25465839,30.76923077,25.61904762,20.67901235,16.07655502,15.52795031,247.6190476,248.1065919,265.8536585,281.779661,229.9509002,141.727672,127.5692154,75.21428571,66.66666667,55.17857143,40.23529412,18.96880781,19.33514247,12.81318681,7,6.756756757,0.703812269,-9.761978,-4.06261E-06,0.703782448,0.512753358,0.512760707,2.250288,38.6523,15.5769,19.0449,0.282806
HOS-10-45,Hoskietso,pizza,Nathalie PhD,42.03,3.53,11.58,-,-,11.92,0.19,4.89,11.02,5.34,0.93,2.91,0.03,0.04,4.8,0.12,4.68,99.16,-,-,17,22.9,2,2866.7,,785,969.4,186.7,21.6,,10.6,13,165,0.006,41.052,31.3,22,7,247,<1,-,19.3,8.3,24.1,64.1,199.6,404.1,47.65,176,-,31.21,9.03,24.14,3.17,13.93,2.23,5.87,0.73,3.93,0.58,31.31,0.77,6.73,45.12,3.79,12.43,11.52,0.20,5.25,11.83,5.73,1.00,3.12,643.9,500.1,390.5737705,293.3,160.0512821,122.8571429,93.2046332,66.87763713,43.26086957,30.63186813,27.95238095,22.5308642,18.80382775,18.01242236,229.7619048,261.8513324,258.5365854,281.920904,220.4582651,128.8433382,139.5588033,86.55357143,69.90291262,53.75,40.57142857,16.53330656,18.9009498,14.08791209,8.1875,7.837837838,0.703834065,-9.452596,4.65924E-06,0.703804244,0.512748113,0.512755461,2.147973,38.5987,15.5791,18.9312,0.282816
HOS-10-52,Hoskietso,dike,Nathalie PhD,39.83,3.66,11.96,-,-,11.72,0.18,5.56,11.87,4.62,1.32,2.8,0.1,0.02,5.5,0.4,5.1,99.07,-,-,20.2,16.4,5,2930.3,,1373,989.3,189.3,20.9,,11,13,186,0.006,41.052,37,36,18,211,23,-,20.8,7.6,27.1,63.1,198.5,409.5,48.02,187.1,-,31.58,8.86,23.29,3.08,14.17,2.26,5.43,0.69,4.04,0.54,34.52,0.71,6.43,43.13,3.96,12.95,11.42,0.19,6.02,12.85,5.00,1.43,3.03,640.3,506.8,393.6065574,311.8,161.9487179,120.5442177,89.92277992,64.97890295,44.00621118,31.04395604,25.85714286,21.2962963,19.33014354,16.77018634,247.6190476,265.4978962,268.2926829,280.3672316,223.4042553,136.9692533,134.2833846,88.33035714,67.63754045,52.73809524,39.14285714,17.14218188,19.2265943,13.86813187,8.416666667,7.297297297,-,-,-,-,-,-,-,-,-,-,-
HOS-10-5A,Hoskietso,pizza,Nathalie PhD,40.97,3.54,11.76,-,-,11.48,0.19,5.36,11.95,4.29,0.99,2.87,0.05,0.04,5.6,0.2,5.4,99.02,-,-,14.9,14.6,9,3482.7,,1434,962.4,187.6,21.1,,10.5,13,178,0.006,41.052,26.7,22,12,203,18,-,19.9,4.8,24,61.7,198.5,409.6,47.43,185.1,-,31.77,8.79,22.99,3.11,13.93,2.26,5.6,0.73,3.77,0.56,34.16,0.64,5.72,44.41,3.84,12.75,11.20,0.21,5.81,12.95,4.65,1.07,3.11,640.3,506.9,388.7704918,308.5,162.9230769,119.5918367,88.76447876,65.61181435,43.26086957,31.04395604,26.66666667,22.5308642,18.03827751,17.39130435,236.9047619,263.1136045,256.097561,280.3672316,223.4588107,135.5051245,137.6404692,85.92857143,68.28478964,52.32142857,38.63865546,16.58014313,18.9009498,13.56043956,7.854166667,7.567567568,-,-,-,-,-,-,-,-,-,-,-
HOS-10-6,Hoskietso,pizza,Nathalie PhD,39.17,3.49,11.26,-,-,10.93,0.2,5.19,13.59,3.71,0.93,2.86,0.37,0.02,7.8,1.48,6.32,99.11,-,-,12.3,13.6,2,3436,,836,942.1,189.3,21.6,,10.3,13,168,0.006,41.052,26,<20,11,189,<1,-,19.7,3.9,20.3,62.3,192,391.6,46.26,183.6,-,30.87,8.75,22.93,3.05,13.66,2.26,5.42,0.71,3.58,0.53,34.54,0.59,5.14,43.41,3.87,12.48,10.90,0.22,5.75,15.06,4.11,1.03,3.17,619.4,484.7,379.1803279,306.0,158.3076923,119.047619,88.53281853,64.34599156,42.42236025,31.04395604,25.80952381,21.91358025,17.1291866,16.45962733,234.5238095,265.4978962,251.2195122,271.1864407,213.6388434,134.4070278,137.1608857,84.11607143,69.90291262,52.08333333,38.53781513,16.34596031,18.53459973,13.69230769,7.458333333,7.162162162,-,-,-,-,-,-,-,-,-,-,-
HOS-10-8,Hoskietso,pizza,Nathalie PhD,40.28,3.71,11.55,-,-,10.31,0.2,5.38,12.33,4.28,0.79,2.99,0.02,0.03,7.2,0.08,7.12,99.05,-,-,14,22.5,3,3892.4,,616,954,191.8,21.6,,11.6,14,173,0.006,41.052,26.7,23,8,181,21,-,21.3,4.4,19.4,63.8,199.9,417.8,48.9,189,-,32.6,9.31,24.49,3.22,14.2,2.4,5.6,0.72,3.94,0.55,36.70,0.63,5.58,44.37,4.09,12.72,10.22,0.22,5.93,13.58,4.71,0.87,3.29,644.8,517.1,400.8196721,315.0,167.1794872,126.6666667,94.55598456,67.93248945,44.09937888,32.96703297,26.66666667,22.22222222,18.85167464,17.08074534,253.5714286,269.0042076,282.9268293,282.3446328,227.9323513,138.3601757,143.3954714,85.17857143,69.90291262,55.41666667,41.15966387,17.37636469,19.26729986,14.02197802,8.208333333,7.432432432,-,-,-,-,-,-,-,-,-,-,-
HOS-10-9A,Hoskietso,dike,Nathalie PhD,42.13,3.89,12,-,-,9.17,0.15,5.67,12.23,4.99,0.61,2.73,0.04,0.05,5.6,0.16,5.44,99.14,-,-,10.6,22.7,<1,3353.5,,494,878.5,181,19.3,,9.3,14,197,0.008,54.736,24.5,<20,6,157,1,-,20.2,5.3,22.7,54.8,185.8,375.9,46.09,176.6,-,30.55,8.85,24.14,2.84,13.57,2.25,4.7,0.58,3.23,0.48,40.72,0.66,6.04,45.47,4.20,12.95,8.91,0.16,6.12,13.20,5.39,0.66,2.95,599.4,465.2,377.7868852,294.3,156.6666667,120.4081633,93.2046332,59.91561181,42.14285714,30.90659341,22.38095238,17.90123457,15.45454545,14.9068323,240.4761905,253.8569425,226.8292683,262.4293785,205.0736498,129.2825769,130.9263,78.4375,62.45954693,52.67857143,40.57142857,18.21942281,18.41248304,12.04395604,6.729166667,6.486486486,-,-,-,-,-,-,-,-,-,-,-
HOS-10-9B,Hoskietso,dike,Nathalie PhD,40.11,3.85,11.85,-,-,9.03,0.19,5.59,13.52,4.05,0.67,2.8,0.28,<0.02,7.4,1.12,6.28,99.08,-,-,9.4,18.6,6,2872.9,,1278,924.6,177.4,22.6,,8.2,15,186,0.008,54.736,33.8,44,12,236,<1,-,19.9,4.3,24.8,63.3,192.9,385.6,46.51,185.5,-,31.5,8.71,24.96,2.96,14.92,2.29,5.55,0.74,3.99,0.54,40.75,0.57,5.20,44.20,4.24,13.06,8.95,0.21,6.16,14.90,4.46,0.74,3.09,622.3,477.2,381.2295082,309.2,161.5384615,118.5034014,96.37065637,62.44725738,46.33540373,31.45604396,26.42857143,22.83950617,19.09090909,16.77018634,236.9047619,248.8078541,200,272.4576271,210.365521,135.7979502,134.2833846,82.55357143,73.13915858,51.8452381,41.94957983,18.03207656,20.24423338,13.91208791,8.3125,7.297297297,-,-,-,-,-,-,-,-,-,-,-
KH12-HB-2,Standing Rocks East,dyke NW side,2012 Workshop,41.77,2.61,10.53,-,-,12.4,0.2,12.64,12.86,3.14,1.13,0.93,<0.02,<0.02,1.2,0,1.2,99.55,-,-,11.8,0.6,<1,1198.6,1315,1197,208.9,74.4,5,5.52,3.8,23,245,0.074,506.308,54.2,282,69,111,11,7.43,10.4,2.8,16.6,25.5,79,165.6,18.28,75.1,74.1,11.8,3.65,9.37,1.3,6.05,0.94,2.43,0.3,1.82,0.24,53.11,0.59,4.40,43.08,2.69,10.86,11.51,0.21,13.03,13.26,3.24,1.17,0.96,254.8,205.0,149.8360656,125.2,60.51282051,49.65986395,36.17760618,27.42616034,18.78881988,12.91208791,11.57142857,9.259259259,8.708133971,7.453416149,-,-,-,-,-,-,-,-,-,-,-,-,-,-,-,-,0.703718,-11.100923,-,0.703718,-,-,-,38.2316,15.5145,18.8185,0.282928
KH12-HB-4,Round Butte,SW side base,2012 Workshop,41.33,3.86,10.02,-,-,13,0.17,10.96,11.11,3.73,0.51,1.12,0.06,0.07,3.6,0.24,3.36,99.51,-,-,5.9,4.4,2,1412.4,1449,895,416.7,80.5,9.3,10.81,4.8,22,281,0.049,335.258,58.6,267,66,117,7,5.49,8.4,2.4,19.6,27.8,81.5,177.8,21.58,94,90.8,15.51,4.23,11.78,1.42,7.9,0.95,2.41,0.33,2.12,0.23,48.37,0.60,4.49,43.73,4.08,10.60,12.38,0.18,11.60,11.76,3.95,0.54,1.19,262.9,220.0,176.8852459,156.7,79.53846154,57.55102041,45.48262548,29.95780591,24.53416149,13.04945055,11.47619048,10.18518519,10.14354067,7.142857143,-,-,-,-,-,-,-,-,-,-,-,-,-,-,-,-,0.703647,-12.108872,-,0.703647,0.512763,0.512770,2.435637,38.7539,15.5756,19.0974,0.282826
KH12-HB-5,Triplets,Center Butte top (lava lake),2012 Workshop,41.66,3.48,12.12,-,-,13.25,0.2,8.35,10.17,3.93,1.25,1.43,0.05,<0.02,3.5,0.2,3.3,99.41,-,-,9.8,1,<1,1868,2065,1109,485.3,120.2,10.5,11.42,6.4,17,254,0.024,164.208,46.6,102,48,146,10,8.64,15.7,3.6,22.7,33.4,107.9,226.2,26.42,99.4,105.3,16.59,4.92,12.66,1.69,8.31,1.3,3.22,0.41,2.22,0.33,41.18,0.62,5.48,44.08,3.68,12.82,12.62,0.21,8.83,10.76,4.16,1.32,1.51,348.1,280.0,216.557377,165.7,85.07692308,66.93877551,48.88030888,35.65400844,25.80745342,17.85714286,15.33333333,12.65432099,10.62200957,10.2484472,-,-,-,-,-,-,-,-,-,-,-,-,-,-,-,-,0.703593,-12.868843,-,0.703594,0.512794,0.512802,3.052446,38.4512,15.5431,18.9542,0.282861
KH12-HB-6,Triplets,East butte top (lava lake),2012 Workshop,41.39,3.43,12.01,-,-,13.18,0.2,7.91,10.38,4.02,1.14,1.43,0.09,0.04,4.2,0.36,3.84,99.38,-,-,7,0.9,2,2027.8,2025,1160,492.7,122.4,12.5,11.92,6.2,17,246,0.024,164.208,44,107,44,145,11,8.6,15.4,3.7,21.3,34.4,112.4,230.3,25.89,108.8,104.5,17.33,4.98,13.7,1.7,6.95,1.24,2.9,0.42,2.77,0.32,40.01,0.62,5.50,44.14,3.66,12.81,12.65,0.21,8.44,11.07,4.29,1.22,1.52,362.6,285.0,212.2131148,181.3,88.87179487,67.75510204,52.8957529,35.8649789,21.58385093,17.03296703,13.80952381,12.96296296,13.25358852,9.937888199,-,-,-,-,-,-,-,-,-,-,-,-,-,-,-,-,0.703603,-12.736267,-,0.703603,0.512788,0.512795,2.920579,38.4767,15.5490,18.9580,0.282862
KH12-HB-7,Woodchop,Haskim vent agglutinate,2012 Workshop,40.5,3.7,11.45,-,-,14.24,0.2,8.19,10.62,3.84,1.13,1.59,0.02,<0.02,3.9,0.08,3.82,99.42,-,-,10,1.7,2,1716.9,1757,1075,496.6,118.8,10.2,11.19,6.7,18,270,0.02,136.84,49.8,109,48,156,11,8.25,12.9,3.3,22,34.9,109.8,236.4,27.01,114,113.8,18.5,5.34,14.58,1.85,7.85,1.3,3.73,0.41,2.5,0.32,38.99,0.62,5.29,43.07,3.93,12.18,13.63,0.21,8.71,11.29,4.08,1.20,1.69,354.2,292.6,221.3934426,190.0,94.87179487,72.65306122,56.29343629,39.02953586,24.37888199,17.85714286,17.76190476,12.65432099,11.96172249,9.937888199,-,-,-,-,-,-,-,-,-,-,-,-,-,-,-,-,-,-,-,-,-,-,-,-,-,-,-
KIA12-JAG1,Jagged Rocks,NW dyke,Pepe PhD,39.06,3.42,10.79,-,-,12.69,0.35,7.61,13.35,3.06,1.35,1.34,0.63,0.1,6.4,2.52,3.88,99.47,-,-,34.4,0.7,4,1628.4,,1002,410.2,95.3,9.2,,5.8,21,227,0.037,253.154,46.5,164,61,142,7,-,11.8,3,19.4,30.5,95,186.9,22.15,86.2,-,14.85,4.4,12.27,1.5,7.16,1.14,2.77,0.34,1.84,0.27,39.99,0.59,4.81,42.57,3.73,11.76,12.45,0.38,8.29,14.55,3.34,1.47,1.46,306.5,231.3,181.557377,143.7,76.15384615,59.86394558,47.37451737,31.64556962,22.23602484,15.65934066,13.19047619,10.49382716,8.803827751,8.385093168,-,-,-,-,-,-,-,-,-,-,-,-,-,-,-,-,-,-,-,-,-,-,-,-,-,-,-
KIA12-JAG11,Jagged Rocks,south sill,Pepe PhD,38.22,3.56,11.2,-,-,13.86,0.26,7.1,12.43,2.33,1.24,1.67,0.27,0.07,7.3,1.08,6.22,99.17,-,-,28.3,0.9,6,3523.5,,1151,501.6,115.3,11,,6.7,19,218,0.02,136.84,43.5,98,57,161,10,-,13.8,3.6,20.5,35,112.4,214.4,25.77,103.2,-,17.8,5.28,14.18,1.79,8.21,1.37,3.07,0.39,2.2,0.31,36.27,0.47,3.95,42.24,3.93,12.38,13.79,0.29,7.85,13.74,2.58,1.37,1.85,362.6,265.3,211.2295082,172.0,91.28205128,71.83673469,54.74903475,37.76371308,25.49689441,18.81868132,14.61904762,12.03703704,10.52631579,9.627329193,-,-,-,-,-,-,-,-,-,-,-,-,-,-,-,-,-,-,-,-,-,-,-,-,-,-,-
KIA12-JAG12,Jagged Rocks,central dyke,Pepe PhD,39.73,3.62,11.43,-,-,14.01,0.32,8.12,10.98,3.59,1.26,1.67,0.17,0.11,4.6,0.68,3.92,99.38,-,-,34.9,0.7,2,1847.8,,1163,512.5,121.4,11.2,,7.2,19,228,0.021,143.682,44,96,56,162,9,-,14,4.1,22.1,36.3,117.9,224,26.08,104.8,-,17.62,5.4,14.47,1.78,8.9,1.31,3.17,0.41,2.52,0.31,39.17,0.61,5.20,42.57,3.88,12.25,13.51,0.34,8.70,11.76,3.85,1.35,1.79,380.3,277.2,213.7704918,174.7,90.35897436,73.46938776,55.86872587,37.55274262,27.63975155,17.99450549,15.0952381,12.65432099,12.05741627,9.627329193,-,-,-,-,-,-,-,-,-,-,-,-,-,-,-,-,-,-,-,-,-,-,-,-,-,-,-
KIA12-JAG13,Jagged Rocks,SW dyke,Pepe PhD,39.37,3.51,11.55,-,-,13.81,0.36,7.75,11.18,3.22,1.12,1.76,0.09,0.15,5.5,0.36,5.14,99.17,-,-,29.8,0.8,5,3503,,1256,555.6,130.5,12.4,,7.5,18,220,0.019,129.998,42.9,95,57,167,10,-,16.1,4,22.3,39.1,132.4,251.1,29.47,115.1,-,19.01,5.71,15.34,1.89,9.51,1.44,3.44,0.41,2.54,0.34,38.41,0.54,4.70,42.68,3.80,12.52,13.47,0.39,8.40,12.12,3.49,1.21,1.91,427.1,310.8,241.557377,191.8,97.48717949,77.68707483,59.22779923,39.87341772,29.53416149,19.78021978,16.38095238,12.65432099,12.15311005,10.55900621,-,-,-,-,-,-,-,-,-,-,-,-,-,-,-,-,0.70370432,-11.294258,3.80492E-07,0.703674499,0.512796407,0.512803755,3.090029,38.5738,15.5556,18.9787,0.282857
KIA12-JAG15,Jagged Rocks,SW dyke,Pepe PhD,39.23,3.5,11.48,-,-,9.85,0.41,4.88,14.85,3.5,1.06,1.75,1.16,0.1,8.8,4.64,4.16,99.33,-,-,31.1,1.3,<1,2076.5,,1239,549.8,125.3,11.8,,7.1,17,220,0.019,129.998,47.3,88,56,167,9,-,16.4,4.9,23.3,37.9,130.4,239.3,28.94,110.1,-,18.21,5.59,15.4,1.89,9.15,1.38,3.25,0.42,2.41,0.32,35.50,0.57,5.09,43.82,3.91,12.82,9.90,0.46,5.45,16.59,3.91,1.18,1.95,420.6,296.2,237.2131148,183.5,93.38461538,76.05442177,59.45945946,39.87341772,28.41614907,18.95604396,15.47619048,12.96296296,11.53110048,9.937888199,-,-,-,-,-,-,-,-,-,-,-,-,-,-,-,-,0.70376555,-10.425130,1.02537E-05,0.703735729,0.512795376,0.512802725,3.069933,38.5759,15.5661,18.9802,0.282855
KIA12-JAG16,Jagged Rocks,SE  sheet,Pepe PhD,38.6,3.49,11.13,-,-,13.43,0.3,6.86,12.64,2.43,1.49,1.64,0.48,0.06,7.1,1.92,5.18,99.09,-,-,27.5,0.8,2,2345.6,,3280,499.8,117.9,10.9,,6.9,18,218,0.02,136.84,40,77,59,156,9,-,13.4,3.8,20.2,36.4,114.5,220.7,25.75,102.1,-,17.5,5.1,14.33,1.77,8.52,1.29,3.04,0.4,2.33,0.29,36.21,0.52,4.32,42.57,3.85,12.28,13.33,0.33,7.57,13.94,2.68,1.64,1.81,369.4,273.1,211.0655738,170.2,89.74358974,69.3877551,55.32818533,37.34177215,26.45962733,17.71978022,14.47619048,12.34567901,11.14832536,9.00621118,-,-,-,-,-,-,-,-,-,-,-,-,-,-,-,-,-,-,-,-,-,-,-,-,-,-,-
KIA12-JAG17,Jagged Rocks,NE  sheet,Pepe PhD,38.73,3.54,11.32,-,-,13.11,0.31,6.96,12.5,2.79,1.1,1.65,0.38,0.07,7.3,1.52,5.78,99.29,-,-,26.6,0.4,2,2738.8,,1075,523.1,122.9,11.2,,7.3,18,217,0.018,123.156,43,92,56,159,9,-,14.7,3.3,21.3,36.1,115.7,222.4,27.2,102.8,-,17.91,5.3,14.1,1.76,8.66,1.31,3.19,0.39,2.4,0.34,37.10,0.50,4.29,42.70,3.90,12.48,13.01,0.34,7.67,13.78,3.08,1.21,1.82,373.2,275.2,222.9508197,171.3,91.84615385,72.10884354,54.44015444,37.13080169,26.89440994,17.99450549,15.19047619,12.03703704,11.48325359,10.55900621,-,-,-,-,-,-,-,-,-,-,-,-,-,-,-,-,-,-,-,-,-,-,-,-,-,-,-
KIA12-JAG2,Jagged Rocks, NW dyke coherent,Pepe PhD,40.74,3.41,11.23,-,-,12.82,0.33,8.72,11.8,3.62,1.64,1.38,0.27,0.08,3.6,1.08,2.52,99.35,-,-,31.9,1.4,3,2470,,1087,433.1,101.1,9.4,,5.9,21,230,0.036,246.312,46.5,169,57,145,8,-,11.9,3.3,20,32.5,101.5,195.1,22.86,93.1,-,15.77,4.67,12.63,1.54,7.4,1.18,2.9,0.36,2.09,0.28,43.05,0.68,5.57,43.15,3.61,11.90,12.22,0.35,9.24,12.50,3.83,1.74,1.46,327.4,241.5,187.3770492,155.2,80.87179487,63.53741497,48.76447876,32.48945148,22.98136646,16.20879121,13.80952381,11.11111111,10,8.695652174,-,-,-,-,-,-,-,-,-,-,-,-,-,-,-,-,-,-,-,-,-,-,-,-,-,-,-
KIA12-JAG3,Jagged Rocks, NW dyke coherent,Pepe PhD,41.55,3.4,11.12,-,-,10.25,0.19,5.68,14.75,2.87,0.88,1.36,0.87,0.08,7.4,3.48,3.92,99.49,-,-,23.2,1.1,1,1508.1,,909,404.2,95.2,9.4,,5.4,20,228,0.036,246.312,42.1,145,59,141,8,-,11.6,3.6,19.1,29.8,95.1,179.6,21.58,82.7,-,14.35,4.36,12.4,1.51,7.07,1.09,2.61,0.34,2.06,0.27,38.11,0.49,4.12,45.65,3.74,12.22,10.13,0.21,6.24,16.20,3.15,0.97,1.49,306.8,222.3,176.8852459,137.8,73.58974359,59.31972789,47.87644788,31.85654008,21.95652174,14.97252747,12.42857143,10.49382716,9.85645933,8.385093168,-,-,-,-,-,-,-,-,-,-,-,-,-,-,-,-,-,-,-,-,-,-,-,-,-,-,-
KIA12-JAG4,Jagged Rocks, NW dyke coherent,Pepe PhD,43.66,3.45,11.67,-,-,11.41,0.17,5.78,12.39,2.39,1.06,1.33,0.4,0.04,6.1,1.6,4.5,99.45,-,-,24.6,4.6,2,1560.1,,1126,409.6,90.7,9.3,,5.4,21,226,0.037,253.154,43.6,103,62,145,8,-,11,3.5,20.9,32.5,96.6,189.6,22.28,88.8,-,15.62,4.59,12.45,1.58,7.4,1.25,3.07,0.39,2.21,0.29,36.02,0.43,3.74,47.37,3.74,12.66,11.14,0.18,6.27,13.44,2.59,1.15,1.44,311.6,234.7,182.6229508,148.0,80.1025641,62.44897959,48.06949807,33.33333333,22.98136646,17.17032967,14.61904762,12.03703704,10.57416268,9.00621118,-,-,-,-,-,-,-,-,-,-,-,-,-,-,-,-,-,-,-,-,-,-,-,-,-,-,-
KIA12-JAG5,Jagged Rocks, NW dyke,Pepe PhD,43.98,3.43,11.56,-,-,10.75,0.17,5.58,12.13,2.34,1.23,1.38,0.27,0.03,6.8,1.08,5.72,99.41,-,-,29.4,2.2,<1,1622.6,,1495,427.4,95,9.5,,6.1,21,236,0.037,253.154,40.5,89,63,151,9,-,12.3,3.4,21.1,33.3,99.6,189.6,23.07,92.9,-,16.12,4.74,13.64,1.65,8.11,1.2,3.21,0.39,2.3,0.31,36.58,0.45,3.90,48.08,3.75,12.64,10.58,0.19,6.10,13.26,2.56,1.34,1.51,321.3,234.7,189.0983607,154.8,82.66666667,64.48979592,52.66409266,34.81012658,25.1863354,16.48351648,15.28571429,12.03703704,11.00478469,9.627329193,-,-,-,-,-,-,-,-,-,-,-,-,-,-,-,-,-,-,-,-,-,-,-,-,-,-,-
KIA12-JAG6,Jagged Rocks,  NW dyke massif 5,Pepe PhD,41.53,3.51,11.44,-,-,10.87,0.21,5.47,14.03,2.56,1.3,1.37,0.65,0.11,7.1,2.6,4.5,99.48,-,-,33,1.7,5,1543.7,,852,442.9,103.7,10.1,,6.2,20,234,0.037,253.154,38.5,80,60,149,8,-,12,5.3,20.3,33,105.4,201.6,23.56,93.9,-,16.28,4.86,13.03,1.62,7.7,1.31,2.8,0.37,2.28,0.28,35.86,0.49,4.23,45.54,3.85,12.54,10.73,0.23,6.00,15.38,2.81,1.43,1.50,340.0,249.5,193.1147541,156.5,83.48717949,66.12244898,50.30888031,34.17721519,23.91304348,17.99450549,13.33333333,11.41975309,10.90909091,8.695652174,-,-,-,-,-,-,-,-,-,-,-,-,-,-,-,-,-,-,-,-,-,-,-,-,-,-,-
KIA12-JAG7,Jagged Rocks, NW dyke segment,Pepe PhD,37.81,3.37,10.56,-,-,11.96,0.35,5.6,16.02,2.6,1.15,1.31,1.26,0.06,8.6,5.04,3.56,99.42,-,-,29.5,0.9,2,1884.3,,1157,408.6,93.9,9.1,,5.4,20,222,0.036,246.312,47.2,170,59,143,8,-,12.4,3.2,19.2,29.9,95.4,180.6,21.74,86.5,-,15.02,4.43,12.19,1.52,7.08,1.16,2.72,0.32,2.06,0.22,34.22,0.52,4.19,42.23,3.76,11.79,12.02,0.39,6.25,17.89,2.90,1.28,1.46,307.7,223.5,178.1967213,144.2,77.02564103,60.27210884,47.06563707,32.06751055,21.98757764,15.93406593,12.95238095,9.87654321,9.85645933,6.832298137,-,-,-,-,-,-,-,-,-,-,-,-,-,-,-,-,-,-,-,-,-,-,-,-,-,-,-
KIA12-JAG8,Jagged Rocks,NE sheet ,Pepe PhD,38.96,3.6,11.29,-,-,13.19,0.27,7.35,12.01,2.84,1.12,1.65,0.2,0.07,7,0.8,6.2,99.34,-,-,27.8,2.1,1,2107.9,,1070,506.6,120.1,10.9,,7,19,216,0.017,116.314,43,81,220,158,10,-,13.9,3.8,22.6,35.7,115.5,218.1,26.32,105.3,-,17.89,5.35,14.33,1.79,8.2,1.18,3.14,0.44,2.36,0.31,38.24,0.51,4.35,42.83,3.96,12.41,13.05,0.30,8.08,13.20,3.12,1.23,1.81,372.6,269.9,215.7377049,175.5,91.74358974,72.78911565,55.32818533,37.76371308,25.46583851,16.20879121,14.95238095,13.58024691,11.29186603,9.627329193,-,-,-,-,-,-,-,-,-,-,-,-,-,-,-,-,-,-,-,-,-,-,-,-,-,-,-
KIA12-JAG8a,Jagged Rocks,NE sheet ,Pepe PhD,39.44,3.7,11.55,-,-,13.1,0.35,6.71,11.11,4.1,0.83,1.73,0.15,0.17,6.3,0.6,5.7,98.97,-,-,20.8,14.7,2,5215.1,,1313,521.4,123.1,11.6,,7.5,19,220,0.017,116.314,43.8,88,50,165,9,-,14.7,3.9,22.2,38.6,116.8,229.1,26.97,106.1,-,18.2,5.26,15.25,1.84,8.55,1.28,3.31,0.42,2.28,0.33,36.27,0.61,5.40,43.19,4.05,12.65,12.91,0.38,7.35,12.17,4.49,0.91,1.89,376.8,283.5,221.0655738,176.8,93.33333333,71.56462585,58.88030888,38.8185654,26.55279503,17.58241758,15.76190476,12.96296296,10.90909091,10.2484472,-,-,-,-,-,-,-,-,-,-,-,-,-,-,-,-,-,-,-,-,-,-,-,-,-,-,-
KIA12-JAG8b,Jagged Rocks,NE sheet ,Pepe PhD,38.64,3.54,11.14,-,-,12.71,0.43,6.44,12.06,4.24,0.82,1.65,0.55,0.12,7.5,2.2,5.3,99.16,-,-,19.4,13.9,5,3690.8,,1335,483.6,114.1,10.7,,6.9,18,211,0.016,109.472,43.2,87,46,159,10,-,13.3,3.9,21.8,34.3,113.4,211.9,25.55,104,-,17.85,5.3,14.72,1.79,8.27,1.23,3.04,0.41,2.34,0.32,36.02,0.65,5.60,42.74,3.92,12.32,12.65,0.48,7.12,13.34,4.69,0.91,1.83,365.8,262.3,209.4262295,173.3,91.53846154,72.10884354,56.83397683,37.76371308,25.68322981,16.8956044,14.47619048,12.65432099,11.19617225,9.937888199,-,-,-,-,-,-,-,-,-,-,-,-,-,-,-,-,-,-,-,-,-,-,-,-,-,-,-
KIA12-JAG9,Jagged Rocks,central dyke,Pepe PhD,39.82,3.65,11.55,-,-,13.89,0.24,7.49,10.84,4.21,0.64,1.68,0.12,0.05,5.4,0.48,4.92,99.44,-,-,18.1,15.8,3,1450.7,,1078,513.2,117.6,11.5,,6.7,19,224,0.023,157.366,45.1,103,60,161,8,-,13.7,3.8,22.4,35.8,111.8,221.1,26.35,104.7,-,18,5.51,14.68,1.77,8.35,1.32,3.02,0.38,2.3,0.31,37.47,0.60,5.24,42.99,3.94,12.47,13.50,0.26,8.09,11.70,4.55,0.69,1.81,360.6,273.6,215.9836066,174.5,92.30769231,74.96598639,56.67953668,37.34177215,25.93167702,18.13186813,14.38095238,11.72839506,11.00478469,9.627329193,-,-,-,-,-,-,-,-,-,-,-,-,-,-,-,-,-,-,-,-,-,-,-,-,-,-,-
KIA12-JR-1,Jagged Rocks,twin dyke (SW dyke),2012 Workshop,39.85,3.5,11.9,-,-,13.43,0.24,5.9,12.27,4.28,2.04,1.76,0.46,0.1,4.1,1.84,2.26,99.32,-,-,46.1,1.2,4,2275.3,2543,1268,542.3,133.2,12.3,12.9,8,16,235,0.017,116.314,41.3,85,48,158,11,10.99,16.3,4.7,22.8,38.1,128.5,269,30.83,116.9,125.2,19.6,5.63,14.88,1.9,8.58,1.48,3.23,0.46,2.58,0.35,32.80,0.77,6.74,42.47,3.73,12.68,12.88,0.26,6.29,13.08,4.56,2.17,1.88,414.5,332.9,252.704918,194.8,100.5128205,76.59863946,57.45173745,40.08438819,26.64596273,20.32967033,15.38095238,14.19753086,12.34449761,10.86956522,-,-,-,-,-,-,-,-,-,-,-,-,-,-,-,-,0.703824,-9.596451,-,0.703824,0.512789,0.512797,2.954326,37.9900,15.5234,18.4192,0.282860
KIA12-JR2,Jagged Rocks,central dyke,2012 Workshop,39.52,3.65,11.44,-,-,13.14,0.23,6.48,11.95,3.1,1.2,1.66,0.14,0.07,6.8,0.56,6.24,99.21,-,-,31.7,1.9,3,3350.5,,1240,498.8,117.8,11.3,,7.4,18,221,0.018,123.156,42.9,74,50,159,11,-,13.7,3.7,21.7,36.3,111.6,220.6,25.91,104.4,-,18,5.12,14.54,1.74,8.74,1.41,3.11,0.39,2.15,0.31,35.40,0.54,4.72,43.40,4.01,12.56,12.99,0.25,7.12,13.12,3.40,1.32,1.82,360.0,273.0,212.3770492,174.0,92.30769231,69.65986395,56.13899614,36.70886076,27.14285714,19.36813187,14.80952381,12.03703704,10.28708134,9.627329193,-,-,-,-,-,-,-,-,-,-,-,-,-,-,-,-,-,-,-,-,-,-,-,-,-,-,-
KIA12-JR-3,Jagged Rocks,"Jagged Rocks, south sill",2012 Workshop,38.61,3.69,11.24,-,-,13.51,0.24,7.34,12.53,1.91,1.09,1.66,0.15,0.06,7.6,0.6,7,99.44,-,-,22.9,0.5,4,1630.6,1710,1069,488.5,115.9,11.2,11.74,6,17,248,0.02,136.84,45.6,96,49,152,11,8.51,13.1,3.5,22.6,36.4,109.1,233.2,26.55,107.8,112.8,17.5,5.62,14.15,1.7,8.17,1.38,3.02,0.42,2.57,0.31,37.64,0.39,3.32,42.68,4.08,12.42,13.44,0.27,8.11,13.85,2.11,1.20,1.83,351.9,288.6,217.6229508,179.7,89.74358974,76.46258503,54.63320463,35.8649789,25.37267081,18.95604396,14.38095238,12.96296296,12.29665072,9.627329193,-,-,-,-,-,-,-,-,-,-,-,-,-,-,-,-,0.703646,-12.121363,-,0.703646,0.512792,0.512800,3.012652,38.5914,15.5760,19.0020,0.282863
KIA12-JR-4,Jagged Rocks,NW  dyke,2012 Workshop,38.75,3.36,10.53,-,-,12.42,0.43,8.28,13.23,2.07,0.74,1.33,0.34,0.1,8.3,1.36,6.94,99.46,-,-,19,0.7,2,1704.3,1786,953,415.7,99.6,10.2,9.89,5.3,19,248,0.04,273.68,48.9,167,57,132,9,7.45,11.8,3.2,19.4,32.6,98.6,199.7,22.92,90.8,93.1,15.88,4.56,12.85,1.57,7.16,1.24,2.7,0.35,1.81,0.27,42.55,0.39,3.13,43.10,3.74,11.71,12.43,0.48,9.21,14.72,2.30,0.82,1.48,318.1,247.2,187.8688525,151.3,81.43589744,62.04081633,49.61389961,33.12236287,22.23602484,17.03296703,12.85714286,10.80246914,8.660287081,8.385093168,-,-,-,-,-,-,-,-,-,-,-,-,-,-,-,-,-,-,-,-,-,-,-,-,-,-,-
KIA12-JR-5,Jagged Rocks,NW dyke besides plug,2012 Workshop,41.2,3.47,11.13,-,-,13.5,0.2,9.55,11.06,3.53,2.07,1.33,0.06,0.08,2.4,0.24,2.16,99.46,-,-,39.8,0.9,3,1588.1,1663,1044,411.3,98.9,11,10.75,5.4,20,264,0.042,287.364,50.5,187,62,136,9,7.38,11.6,3,20.6,31.4,96.9,204.8,23.71,97.5,95.3,15.04,4.58,12.4,1.61,7.66,1.27,3,0.38,2.26,0.3,44.01,0.74,5.85,43.06,3.63,11.63,12.70,0.21,9.98,11.56,3.69,2.16,1.39,312.6,253.5,194.3442623,162.5,77.12820513,62.31292517,47.87644788,33.96624473,23.78881988,17.44505495,14.28571429,11.72839506,10.81339713,9.316770186,-,-,-,-,-,-,-,-,-,-,-,-,-,-,-,-,0.703868,-8.968914,-,0.703868,0.512793,0.512800,3.017919,38.5247,15.5482,18.9045,0.282861
KIA12-JR6,Jagged Rocks,NW dyke,2012 Workshop,41.15,3.35,10.63,-,-,12.41,0.24,9.57,12.19,3.19,0.99,1.32,0.24,0.04,4.3,0.96,3.34,99.47,-,-,28,0.7,1,1528.5,,1024,423.8,97.4,9.3,,5.4,22,235,0.051,348.942,55.5,213,63,144,10,-,11.8,3,18.9,30.7,95.2,188.8,22.37,88,-,15.16,4.72,12.76,1.56,6.91,1.16,2.74,0.36,2.11,0.27,46.15,0.57,4.46,43.87,3.57,11.33,11.91,0.26,10.20,13.00,3.40,1.06,1.41,307.1,233.7,183.3606557,146.7,77.74358974,64.21768707,49.26640927,32.91139241,21.45962733,15.93406593,13.04761905,11.11111111,10.09569378,8.385093168,-,-,-,-,-,-,-,-,-,-,-,-,-,-,-,-,-,-,-,-,-,-,-,-,-,-,-
KIA12-RB-1,Round Butte,south side base,2012 Workshop,41.3,3.85,10.13,-,-,13.1,0.17,11.12,10.99,3.7,0.52,1.15,0.04,0.07,3.4,0.16,3.24,99.51,-,-,5.5,3.5,3,1334.4,1398,895,423.8,81.6,10.3,10.85,4.5,22,275,0.049,335.258,58.5,274,98,116,6,5.59,8,2.2,19.1,28.7,80.2,179.8,21.2,86.4,86.7,14.12,4.19,11.04,1.43,6.33,1.07,2.29,0.33,2.36,0.23,48.54,0.59,4.46,43.60,4.06,10.69,12.45,0.18,11.74,11.60,3.91,0.55,1.21,258.7,222.5,173.7704918,144.0,72.41025641,57.00680272,42.62548263,30.16877637,19.65838509,14.6978022,10.9047619,10.18518519,11.29186603,7.142857143,-,-,-,-,-,-,-,-,-,-,-,-,-,-,-,-,-,-,-,-,-,-,-,-,-,-,-
KIA12-RB-2,Round Butte,south side base Ol + Px phenos,2012 Workshop,40.77,3.74,9.94,-,-,12.49,0.16,11.8,11.16,3.62,0.36,1.08,0.06,0.15,4.3,0.24,4.06,99.51,-,-,5,4.3,3,1505,1480,846,391,77.4,9.5,10.13,4.8,21,257,0.048,328.416,58.6,249,66,111,4,4.92,7.9,2.2,18.2,27,79.4,170.6,19.76,73.3,82.1,14.5,4.15,11.08,1.42,7.52,1.14,2.52,0.34,1.9,0.22,51.21,0.57,4.24,43.43,3.98,10.59,11.97,0.17,12.57,11.89,3.86,0.38,1.15,256.1,211.1,161.9672131,122.2,74.35897436,56.46258503,42.77992278,29.95780591,23.35403727,15.65934066,12,10.49382716,9.090909091,6.832298137,-,-,-,-,-,-,-,-,-,-,-,-,-,-,-,-,0.703645,-12.143364,-,0.703645,0.512757,0.512765,2.321521,38.7411,15.5692,19.1073,0.282826
KIA12-RB-3,Round Butte,dyke,2012 Workshop,41.42,3.56,9.43,-,-,11.51,0.16,7.03,14.63,2.37,1.56,1.05,0.89,0.13,6.7,3.56,3.14,99.54,-,-,13.2,2.2,<1,1569.6,1671,549,376.1,68.9,9.1,9.68,4,21,263,0.052,355.784,50.7,196,77,103,5,5.07,7.5,2.8,17.6,24.8,73.3,153.2,18.53,80.8,78.8,13.58,3.95,10.39,1.27,6.76,1.05,2.38,0.3,1.64,0.21,40.43,0.61,4.29,45.23,3.89,10.30,11.31,0.17,7.68,15.98,2.59,1.70,1.15,236.5,189.6,151.8852459,134.7,69.64102564,53.7414966,40.11583012,26.79324895,20.99378882,14.42307692,11.33333333,9.259259259,7.846889952,6.52173913,-,-,-,-,-,-,-,-,-,-,-,-,-,-,-,-,-,-,-,-,-,-,-,-,-,-,-
KIA12-RB-4,Round Butte,south side,2012 Workshop,41.01,3.59,9.66,-,-,11.48,0.16,7.13,14.78,2.45,1.52,1.05,0.94,0.09,6.7,3.76,2.94,99.58,-,-,13.1,2.2,<1,1252.4,1254,557,388.4,69.3,8.5,9.76,3.5,21,253,0.05,342.1,51.3,179,87,114,18,5.38,7.5,2.1,18.1,26.6,74.2,159.3,18.97,74.7,76.6,13.75,3.96,10.53,1.28,7.28,0.97,2.34,0.29,2.09,0.18,40.83,0.60,4.33,44.73,3.92,10.54,11.27,0.17,7.78,16.12,2.67,1.66,1.15,239.4,197.2,155.4918033,124.5,70.51282051,53.87755102,40.65637066,27.00421941,22.60869565,13.32417582,11.14285714,8.950617284,10,5.590062112,-,-,-,-,-,-,-,-,-,-,-,-,-,-,-,-,-,-,-,-,-,-,-,-,-,-,-
KIA12-RB8,Round Butte,-,2012 Workshop,38.07,3.67,9.63,-,-,12.3,0.16,12.83,11.16,3.11,0.2,1.1,0.21,0.43,7,0.84,6.16,99.32,-,-,4.8,3.4,6,2916.2,,921,374.9,71.4,9,,4.8,23,242,0.045,307.89,52.7,255,68,121,7,-,8.1,2.8,18,26.9,78.5,160.4,19.34,76.1,-,14.08,4.04,11.08,1.37,6.52,1.02,2.37,0.31,1.73,0.24,53.68,0.49,3.64,41.84,4.03,10.58,12.16,0.18,14.10,12.26,3.42,0.22,1.21,253.2,198.5,158.5245902,126.8,72.20512821,54.96598639,42.77992278,28.90295359,20.2484472,14.01098901,11.28571429,9.567901235,8.277511962,7.453416149,-,-,-,-,-,-,-,-,-,-,-,-,-,-,-,-,-,-,-,-,-,-,-,-,-,-,-
KIA12-RBD-1,Round Butte,dyke  on NW side,2012 Workshop,38.38,3.86,10.25,-,-,11.23,0.15,6.84,16.1,2.91,1.77,1.14,1,0.04,6.8,4,2.8,99.46,-,-,33.1,1.8,2,1941.8,2133,886,410.7,75.7,9.6,10.47,4.4,22,278,0.053,362.626,44.1,138,73,114,7,7.17,8.3,5.4,18.6,27,80.6,172.1,20.42,84.1,88.7,15.14,4.37,11.84,1.39,6.96,1.13,2.68,0.32,1.78,0.23,40.36,0.67,5.11,41.94,4.22,11.20,11.04,0.16,7.47,17.59,3.18,1.93,1.25,260.0,213.0,167.3770492,140.2,77.64102564,59.45578231,45.71428571,29.32489451,21.61490683,15.52197802,12.76190476,9.87654321,8.516746411,7.142857143,-,-,-,-,-,-,-,-,-,-,-,-,-,-,-,-,0.703721217,-11.054408,6.06132E-07,0.703691396,0.512766919,0.512774267,2.514821,38.6421,15.5542,19.0455,0.282829
KIA12-SEQ-A,Southeast Quarry,plug,2012 Workshop,41.22,2.68,10.39,-,-,12.14,0.18,13.27,12.77,2.96,0.76,1,0.07,<0.02,2,0.28,1.72,99.52,-,-,13.1,0.7,2,1165.6,1244,1161,239.4,86.6,6,6.07,3.8,25,252,0.079,540.518,57.4,318,126,100,9,7.37,15.1,3.7,16.7,24,103.7,199.3,21.96,75,84.7,11.88,3.56,9.54,1.2,6.12,0.85,2.24,0.24,1.7,0.2,54.84,0.51,3.87,42.87,2.79,10.81,11.36,0.19,13.80,13.28,3.08,0.79,1.04,334.5,246.7,180,125.0,60.92307692,48.43537415,36.83397683,25.3164557,19.00621118,11.67582418,10.66666667,7.407407407,8.133971292,6.211180124,-,-,-,-,-,-,-,-,-,-,-,-,-,-,-,-,0.703818,-9.686018,-,0.703818,0.512830,0.512838,3.750405,38.4626,15.5453,18.8608,0.282940
KIA12-SEQ-B,Southeast Quarry,plug,2012 Workshop,41.5,2.56,10.44,-,-,12.02,0.17,13.04,12.59,2.99,0.73,0.99,0.13,<0.02,2.4,0.52,1.88,99.53,-,-,12.2,2.3,2,1185.8,1257,1205,242,84.5,4.5,6.31,4.4,24,250,0.078,533.676,58.1,305,64,101,8,4.72,16,3.9,15.9,24.4,104.9,192.3,21.4,79.2,80.4,12.22,3.43,9.18,1.11,5.61,0.9,2.2,0.29,1.48,0.23,54.66,0.51,3.88,43.31,2.67,10.89,11.29,0.18,13.61,13.14,3.12,0.76,1.03,338.4,238.0,175.4098361,132.0,62.66666667,46.66666667,35.44401544,23.41772152,17.42236025,12.36263736,10.47619048,8.950617284,7.081339713,7.142857143,-,-,-,-,-,-,-,-,-,-,-,-,-,-,-,-,-,-,-,-,-,-,-,-,-,-,-
KIA12-SRW-1,Standing Rocks West,dyke NNW side,2012 Workshop,38.47,4.11,11.04,-,-,12.37,0.22,5.79,12.8,3.02,0.86,1.41,0.4,0.11,9.4,1.6,7.8,99.53,-,-,18.8,1.8,3,1329.8,1323,674,490.8,90.4,10.7,12.08,5.4,20,257,0.032,218.944,45.2,143,57,131,13,10.5,11.3,3.8,19.1,35.3,102.3,226.2,26.58,106.6,103.1,18.82,5.08,13.29,1.76,8.38,1.21,3.36,0.41,1.88,0.32,34.21,0.51,4.37,43.30,4.63,12.43,12.53,0.25,6.52,14.41,3.40,0.97,1.59,330.0,280.0,217.8688525,177.7,96.51282051,69.11564626,51.31274131,37.13080169,26.02484472,16.62087912,16,12.65432099,8.995215311,9.937888199,-,-,-,-,-,-,-,-,-,-,-,-,-,-,-,-,0.703960752,-7.654337,3.85652E-06,0.703930931,0.512739447,0.512746795,1.978918,38.4935,15.5472,18.7855,0.282807
KIA12-T1,Teshim,west of,2012 Workshop,39.7,4.04,11.44,-,-,14.5,0.2,8.43,11.03,3.48,1.1,1.7,0.03,<0.02,3.7,0.12,3.58,99.39,-,-,12.6,0.5,5,1866,1984,1176,472.2,108.5,11.2,11.3,6.3,19,284,0.024,164.208,48.7,96,60,147,8,7.08,11.1,3.1,22.5,35.7,106.5,236.2,26.77,112.8,111.4,18.4,5.04,14.05,1.8,8.38,1.47,3.34,0.4,2.26,0.31,39.25,0.58,4.86,42.16,4.29,12.15,13.86,0.21,8.95,11.71,3.70,1.17,1.81,343.5,292.3,219.4262295,188.0,94.35897436,68.57142857,54.24710425,37.97468354,26.02484472,20.19230769,15.9047619,12.34567901,10.81339713,9.627329193,-,-,-,-,-,-,-,-,-,-,-,-,-,-,-,-,-,-,-,-,-,-,-,-,-,-,-
KIA12-TP-1A,Twin Peaks,Ol phenos,2012 Workshop,40.98,3.76,10.03,-,-,13.11,0.17,11.81,11.03,3.17,0.67,1.13,<0.02,0.04,3.5,0,3.5,99.48,-,-,7.2,4.6,3,1524.6,1552,906,424.7,81.8,7.8,10.27,4.1,22,275,0.049,335.258,61.7,271,69,120,10,5.64,8.5,2.3,19.7,28.5,80.3,182,21.13,79.2,82.8,14.65,4.22,11.6,1.46,7.07,1.02,2.82,0.34,1.89,0.28,50.02,0.55,4.06,43.34,3.98,10.61,12.48,0.18,12.49,11.67,3.35,0.71,1.20,259.0,225.2,173.1967213,132.0,75.12820513,57.41496599,44.78764479,30.80168776,21.95652174,14.01098901,13.42857143,10.49382716,9.043062201,8.695652174,-,-,-,-,-,-,-,-,-,-,-,-,-,-,-,-,-,-,-,-,-,-,-,-,-,-,-
KIA12-TP-1B,Twin Peaks,Ol phenos,2012 Workshop,41.06,3.84,10.02,-,-,12.83,0.17,11.72,11.07,3.18,0.57,1.11,<0.02,0.03,3.9,0,3.9,99.5,-,-,7,4.5,3,1449.8,1495,902,437,79.5,9.4,11.03,5.2,21,293,0.048,328.416,63.4,274,68,121,9,5.84,8.7,2.7,19.5,31.2,85.7,181.2,20.67,77.7,87.5,15.3,4.31,12.79,1.48,7.34,1.06,2.72,0.37,1.97,0.26,50.37,0.53,3.98,43.55,4.07,10.63,12.25,0.18,12.43,11.74,3.37,0.60,1.18,276.5,224.3,169.4262295,129.5,78.46153846,58.63945578,49.38223938,31.22362869,22.79503106,14.56043956,12.95238095,11.41975309,9.425837321,8.074534161,-,-,-,-,-,-,-,-,-,-,-,-,-,-,-,-,-,-,-,-,-,-,-,-,-,-,-
KIA12-TP-1C,Twin Peaks,Ol phenos,2012 Workshop,40.97,3.8,9.97,-,-,13.16,0.17,11.73,10.95,3.13,0.64,1.13,<0.02,0.03,3.8,0,3.8,99.5,-,-,6.9,4.2,1,1449.3,1480,882,422.4,77.9,10.2,10.19,4.7,22,285,0.051,348.942,59.8,278,68,121,8,5.69,8.7,2.5,17.5,28.6,84.8,176.2,20.25,83.8,84.8,15.04,4.22,12.45,1.42,7.27,1.13,2.81,0.35,1.74,0.25,49.76,0.54,4.00,43.43,4.03,10.57,12.56,0.18,12.43,11.61,3.32,0.68,1.20,273.5,218.1,165.9836066,139.7,77.12820513,57.41496599,48.06949807,29.95780591,22.57763975,15.52197802,13.38095238,10.80246914,8.325358852,7.763975155,-,-,-,-,-,-,-,-,-,-,-,-,-,-,-,-,-,-,-,-,-,-,-,-,-,-,-
KIA12-TP-1D,Twin Peaks,Ol phenos,2012 Workshop,40.8,3.79,9.99,-,-,13.13,0.17,11.89,11.09,3.12,0.61,1.13,<0.02,0.04,3.7,0,3.7,99.49,-,-,7,5.3,2,1423.1,1444,911,425,79.9,9,10.59,4.4,22,280,0.053,362.626,60.3,290,69,122,9,5.46,8.5,2.4,19.7,30,82.4,176.7,20.15,78.2,83.7,15.05,4.38,12.41,1.38,7.29,1.19,2.74,0.33,1.98,0.25,50.15,0.53,3.95,43.22,4.01,10.58,12.52,0.18,12.59,11.75,3.30,0.65,1.20,265.8,218.7,165.1639344,130.3,77.17948718,59.59183673,47.91505792,29.11392405,22.63975155,16.34615385,13.04761905,10.18518519,9.473684211,7.763975155,-,-,-,-,-,-,-,-,-,-,-,-,-,-,-,-,-,-,-,-,-,-,-,-,-,-,-
KIA12-TP-1E,Twin Peaks,Ol phenos,2012 Workshop,40.96,3.76,9.97,-,-,13.02,0.17,11.97,10.94,3.09,0.69,1.09,0.02,0.03,3.8,0.08,3.72,99.5,-,-,7.5,5,4,1429.7,1412,927,431.8,79.1,10,10.03,5.2,22,289,0.051,348.942,62.7,285,68,118,8,5.55,8.8,2.5,20,29.9,85,180.8,20.65,82.4,83.8,14.24,4.5,11.74,1.42,7.99,1.25,2.4,0.33,1.73,0.24,50.53,0.54,4.01,43.41,3.98,10.57,12.42,0.18,12.69,11.59,3.27,0.73,1.16,274.2,223.8,169.2622951,137.3,73.02564103,61.2244898,45.32818533,29.95780591,24.8136646,17.17032967,11.42857143,10.18518519,8.277511962,7.453416149,-,-,-,-,-,-,-,-,-,-,-,-,-,-,-,-,0.703666,-11.842441,-,0.703666,0.512761,0.512769,2.403645,38.7514,15.5663,19.1537,0.282828
KIA12-TP-1F,Twin Peaks,Ol phenos,2012 Workshop,41.05,3.88,10.07,-,-,13.29,0.17,11.47,11.26,3.34,0.67,1.13,<0.02,0.03,3.1,0,3.1,99.48,-,-,6.9,5.2,2,1466.2,1510,1042,430.6,80.2,9.8,10.56,4.6,22,288,0.051,348.942,59.7,283,68,121,8,5.48,8.7,2.6,17.3,30.4,80.7,178.4,20.39,79.9,84.4,14.2,4.16,11.74,1.38,7.3,1.12,2.59,0.32,1.8,0.24,48.95,0.57,4.22,43.21,4.08,10.60,12.59,0.18,12.07,11.85,3.52,0.71,1.19,260.3,220.8,167.1311475,133.2,72.82051282,56.59863946,45.32818533,29.11392405,22.67080745,15.38461538,12.33333333,9.87654321,8.612440191,7.453416149,-,-,-,-,-,-,-,-,-,-,-,-,-,-,-,-,-,-,-,-,-,-,-,-,-,-,-
Mb-3,Morale Claim,Monchiquite. Dike?,Suda et al. (1982),40.61,4.17,10.65,5.82,7.91,14.6090383,0.191,8.98,11.8,3.6,1.21,1.6,-,,3.18,3.18,0,100.79,0.091,-,47.1,-,-,-,-,1061,-,-,11.1,-,1.93,20.19,-,-,212.2,52.4,3722,-,-,-,-,12.01,-,-,-,117.14,213.59,-,211.4,-,20.88,5.74,-,2.28,-,-,-,0.81,n.d.,0.32,40.58,0.65,5.01,42.32,4.35,11.10,13.70,0.20,9.36,12.30,3.75,1.26,1.67,377.9,264.3,0,352.3,107.0769231,78.0952381,0,48.10126582,0,0,0,25,0,9.937888199,-,-,-,-,-,-,-,-,-,-,-,-,-,-,-,-,-,-,-,-,-,-,-,-,-,-,-
MM-13,Morale Claim,Limburgite Tuff Breccia. Extrusive,Suda et al. (1982),40.08,2.7,9.35,6.02,4.35,10.8534155,0.368,4.34,17.7,2.27,1.59,1.18,-,-,9.7,9.09,0.61,101,-,-,-,-,-,-,-,0.095,-,-,-,-,-,-,-,-,-,-,-,-,-,-,-,-,-,-,-,-,-,-,-,-,-,-,-,-,-,-,-,-,-,-,30.76,0.61,4.32,44.86,3.02,10.46,10.93,0.41,4.86,19.81,2.54,1.78,1.32,-,-,-,-,-,-,-,-,-,-,-,-,-,-,-,-,-,-,-,-,-,-,-,-,-,-,-,-,-,-,-,-,-,-,-,-,-,-,-,-,-
MM-19,Morale Claim,Scoriaceous Tuff. Extrusive,Suda et al. (1982),37.97,2.59,10.85,11.53,1.25,12.9189125,0.081,2.87,5.9,1.08,2.52,1.25,-,-,13.82,0.91,12.91,100.62,-,-,-,-,-,-,-,0.157,-,-,-,-,-,-,-,-,-,-,-,-,-,-,-,-,-,-,-,-,-,-,-,-,-,-,-,-,-,-,-,-,-,-,19.80,0.50,4.69,49.48,3.38,14.14,15.15,0.11,3.74,7.69,1.41,3.28,1.63,-,-,-,-,-,-,-,-,-,-,-,-,-,-,-,-,-,-,-,-,-,-,-,-,-,-,-,-,-,-,-,-,-,-,-,-,-,-,-,-,-
NL-TP-1-12,Twin Peaks,-,2012 Workshop,40.77,3.88,10.15,-,-,13.2,0.17,11.64,11.09,2.88,0.92,1.13,<0.02,0.03,3.6,0,3.6,99.51,-,-,10.7,0.6,2,1378.4,1427,868,438.3,82.3,10.6,10.67,4.7,22,291,0.051,348.942,60.3,287,69,122,6,6.42,8.4,2.3,19.3,29.5,81.3,184.3,21.41,89.3,85.7,14.79,4.41,11.5,1.41,7,1.11,2.78,0.33,1.84,0.24,49.49,0.54,4.02,43.14,4.11,10.74,12.57,0.18,12.32,11.73,3.05,0.97,1.20,262.3,228.1,175.4918033,148.8,75.84615385,60,44.4015444,29.74683544,21.73913043,15.24725275,13.23809524,10.18518519,8.803827751,7.453416149,-,-,-,-,-,-,-,-,-,-,-,-,-,-,-,-,-,-,-,-,-,-,-,-,-,-,-
OLPX-186,Woodchop,Martinez,Vazquez (1998),42.29,4.3,11.5,-,12.28,13.6446764,0.18,8.66,11.48,4.52,0.42,1.26,-,-,3.97,-,-,100.86,-,-,13.3,1.97,-,1400,-,1000,456,97.84,10.45,-,5.86,24,-,-,211,-,163,39,131,6.03,-,8.96,2.69,23,34.93,93.4,182.89,21.07,84.8,-,17.02,4.96,12.41,1.74,8.17,1.35,2.99,0.37,1.89,0.27,41.36,0.61,5.10,43.65,4.44,11.87,12.67,0.19,8.94,11.85,4.67,0.43,1.30,301.3,226.3,172.704918,141.3,87.28205128,67.4829932,47.91505792,36.70886076,25.37267081,18.54395604,14.23809524,11.41975309,9.043062201,8.385093168,-,-,-,-,-,-,-,-,-,-,-,-,-,-,-,-,-,-,-,-,-,-,-,-,-,-,-
OSJH3,Open Sky,lava?,Hooten (1999),43.27,4.346940853,12.6,-,11.82,13.1335566,0.19,8.48,10.24,3.57,2.52,1.27,-,-,1.76,-,-,100.0669409,-,-,49,0.76,-,1412,-,1032,440,106.22,10.81,-,6.75,16,268,-,146,-,111,49,143,5.75,-,10.52,2.7,25,36.1,87.02,167.46,19.89,82.53,-,17.07,5.05,12.73,1.73,8.74,1.43,3.25,0.4,2.21,0.31,41.77,0.71,6.19,44.02,4.42,12.82,12.02,0.19,8.63,10.42,3.63,2.56,1.29,-,-,-,-,-,-,-,-,-,-,-,-,-,-,-,-,-,-,-,-,-,-,-,-,-,-,-,-,-,-,-,-,-,-,-,-,-,-,-,-,-
RBJH2,Round Butte,lava?,Hooten (1999),41.38,4.081003289,10.43,-,12.17,13.5224521,0.19,11.06,11.92,3.57,0.99,1.6,-,-,2.75,-,-,100.1410033,-,-,21,0.6,-,1764,-,959,531,111.65,12.56,-,6.72,15,259,-,274,-,228,73,133,7.49,-,12.92,3.47,22,40.44,11.5.15,220.27,26.06,106.16,-,21.05,6.15,15.11,2,9.94,1.62,3.56,0.43,2.19,31,47.61,0.63,4.68,42.49,4.19,10.71,12.50,0.20,11.36,12.24,3.67,1.02,1.64,371.5,272.6,213.6065574,176.9,107.9487179,83.67346939,58.33976834,42.19409283,30.86956522,22.25274725,16.95238095,13.27160494,10.4784689,9.627329193,-,-,-,-,-,-,-,-,-,-,-,-,-,-,-,-,-,-,-,-,-,-,-,-,-,-,-
SR-08-10,Standing Rocks East,dike,Nathalie PhD,36.2,4.13,9.91,-,-,11.91,0.26,7.43,16.17,2.77,1.22,1.46,1.2,0.1,7.7,4.8,2.9,99.23,-,-,28.1,0.7,<1,2554.9,-,1270,483.8,97.6,11.4,-,5.3,19,264,0.033,225.786,55.6,193,50,129,<1,-,10.7,4.3,20.1,34.9,102.6,216.4,25.74,101.4,-,17.62,5.09,13.45,1.8,8.33,1.39,3.13,0.39,2.36,0.3,40.94,0.58,4.42,40.10,4.58,10.98,11.87,0.29,8.23,17.91,3.07,1.35,1.62,331.0,267.8,210.9836066,169.0,90.35897436,69.25170068,51.93050193,37.97468354,25.86956522,19.09340659,14.9047619,12.03703704,11.29186603,9.316770186,127.3809524,136.8863955,129.2682927,144.9152542,118.0578287,74.23133236,70.01919341,43.19642857,36.89320388,30.29761905,22.60504202,19.34350031,11.30257802,7.67032967,4.916666667,4.054054054,-,-,-,-,-,-,-,-,-,-,-
SR-08-13,Standing Rocks East,dike,Nathalie PhD,38.28,4.22,10.14,-,-,13.63,0.27,10.8,11.7,2.74,0.72,1.51,0.16,0.1,5.2,0.64,4.56,99.32,-,-,19.8,0.5,3,1644.7,-,1006,503,94.8,11.6,-,5.7,20,257,0.033,225.786,55.8,196,50,141,<1,-,10.5,3.3,19.7,34.4,105.3,222.8,26.29,101.1,-,18.15,5.11,13.36,1.86,8.62,1.46,3.14,0.41,2.17,0.31,46.82,0.49,3.73,41.32,4.55,10.94,13.24,0.29,11.66,12.63,2.96,0.78,1.63,339.7,275.7,215.4918033,168.5,93.07692308,69.52380952,51.58301158,39.24050633,26.77018634,20.05494505,14.95238095,12.65432099,10.38277512,9.627329193,125,132.9593268,139.0243902,148.7288136,121.5493726,74.01171303,72.41711099,44.91071429,37.54045307,30.41666667,22.45378151,19.76502938,11.69606513,7.56043956,4.520833333,4.189189189,-,-,-,-,-,-,-,-,-,-,-
SR-08-17,Standing Rocks East,dike,Nathalie PhD,38.52,4.18,10.23,-,-,13.47,0.18,6.89,13.99,4.37,1.04,1.46,0.84,0.07,5,3.36,1.64,99.34,-,-,10.9,9.4,2,1961.1,-,1053,460.9,90.3,11,-,5.7,19,245,0.032,218.944,52.2,187,58,138,<1,-,9.9,3.3,20.1,36,104.9,224.3,26.05,114.1,-,18.22,5.16,13.3,1.81,8.21,1.41,3.14,0.44,2.14,0.32,36.24,0.76,5.82,41.43,4.50,11.00,13.04,0.19,7.41,15.05,4.70,1.12,1.57,338.4,277.6,213.5245902,190.2,93.43589744,70.20408163,51.35135135,38.18565401,25.49689441,19.36813187,14.95238095,13.58024691,10.23923445,9.937888199,117.8571429,126.6479663,139.0243902,148.1638418,122.3677032,83.52855051,70.01919341,41.15178571,35.5987055,30.71428571,22.35294118,19.57768313,11.13975577,7.912087912,4.458333333,4.324324324,-,-,-,-,-,-,-,-,-,-,-
SR-08-18,Standing Rocks East,dike,Nathalie PhD,44.01,4.58,11.59,-,-,9.66,0.17,5.97,12.01,4.67,0.55,1.65,0.03,<0.02,4.4,0.12,4.28,99.33,-,-,10.9,23.4,2,1968.3,-,1095,537.7,97.4,11.6,-,6.2,21,267,0.035,239.47,36.6,59,22,158,<1,-,12,3.4,20.8,39.7,114.8,244,28.97,112.6,-,20.46,5.6,15.39,2,9.17,1.53,3.89,0.48,2.62,0.34,40.71,0.64,5.56,46.87,4.88,12.34,9.26,0.18,6.36,12.79,4.97,0.59,1.76,370.3,302.0,237.4590164,187.7,104.9230769,76.19047619,59.42084942,42.19409283,28.47826087,21.01648352,18.52380952,14.81481481,12.53588517,10.55900621,142.8571429,136.6058906,151.2195122,162.1468927,133.1151118,82.43045388,79.13128022,48.00892857,37.54045307,33.33333333,25.86554622,21.45114563,12.44233379,8.725274725,5.458333333,4.594594595,-,-,-,-,-,-,-,-,-,-,-
SR-08-4,Standing Rocks East,dike,Nathalie PhD,37.36,4.22,10.63,-,-,10.94,0.18,5.55,15.81,4.29,0.72,1.55,1.23,0.06,8.1,4.92,3.18,99.37,-,-,13,7.5,2,1670.7,-,1118,490.2,95,11.3,-,5.6,19,270,0.033,225.786,65.4,273,49,141,<1,-,10.9,21.3,21.5,35.8,106.3,222.3,26.22,100.7,-,18.69,5.11,13.85,1.83,8.21,1.38,3.07,0.41,2.06,0.33,36.05,0.67,5.56,41.44,4.68,11.79,10.92,0.20,6.16,17.54,4.76,0.80,1.72,342.9,275.1,214.9180328,167.8,95.84615385,69.52380952,53.47490347,38.60759494,25.49689441,18.95604396,14.61904762,12.65432099,9.85645933,10.2484472,129.7619048,133.2398317,136.5853659,150.1412429,121.2765957,73.71888726,74.33544505,43.76785714,36.56957929,30.41666667,23.27731092,19.76502938,11.13975577,7.868131868,4.291666667,4.459459459,-,-,-,-,-,-,-,-,-,-,-
T1,Teshim,-,Alibert et al. (1986),41.66,3.74,12.43,13.57,-,13.57,0.23,7.28,10.32,3.87,1.72,1.35,-,-,4.16,-,-,100.33,-,-,-,-,-,-,-,1202,-,-,-,-,-,-,289,-,190,-,104,-,-,-,-,-,-,-,46.2,155,299,-,132,-,22.8,6.03,16.4,-,9.34,-,3.7,-,2.59,0.38,37.35,0.65,5.90,43.94,3.94,13.11,12.88,0.24,7.68,10.88,4.08,1.81,1.42,500.0,370.0,0,220.0,116.9230769,82.04081633,63.32046332,0,29.00621118,0,17.61904762,0,12.3923445,11.80124224,-,-,-,-,-,-,-,-,-,-,-,-,-,-,-,-,0.704277,-3.165366,-,-,0.512784,-,2.848014,38.8100,15.6330,19.0030,-
TB-4,Little Twin Buttes,Intrusive Monchiquite,Suda et al. (1982),39.27,3.14,10.2,6.66,6.03,13.3601139,0.153,8.65,13.65,1.71,1.34,1.25,-,-,6.01,4.19,1.82,99.98,0.198,0.41,91.71,-,-,-,-,3241,-,-,9.67,-,1.33,22.37,-,-,330.6,55.3,5231,-,-,-,-,10.1,-,-,-,87.3,186.42,-,116.32,-,18.5,4.62,-,2.56,-,-,-,0.6,2.26,0.21,41.84,0.44,3.34,42.97,3.44,11.16,13.16,0.17,9.47,14.94,1.87,1.47,1.37,-,-,-,-,-,-,-,-,-,-,-,-,-,-,-,-,-,-,-,-,-,-,-,-,-,-,-,-,-,-,-,-,-,-,-,-,-,-,-,-,-
TBTJH4,Tode Baho Tsiquini,lava?,Hooten (1999),41.08,4.452090502,10.48,-,11.88,13.2002244,0.19,10.18,12.39,3.58,0.63,1.23,-,-,4.14,-,-,100.2320905,-,-,11.2,15.15,-,1576,-,948,402,95.92,9.98,-,6.34,16,282,-,290,-,226,61,129,4.71,-,9.08,3.65,20,32.94,83.52,162.12,19.57,81.48,-,16.73,4.95,12.46,1.67,8.38,1.35,3.01,0.37,1.91,0.27,46.15,0.57,4.38,42.75,4.63,10.91,12.36,0.20,10.59,12.89,3.73,0.66,1.28,-,-,-,-,-,-,-,-,-,-,-,-,-,-,-,-,-,-,-,-,-,-,-,-,-,-,-,-,-,-,-,-,-,-,-,-,-,-,-,-,-
WBJH7,Wide Butte,lava?,Hooten (1999),43.28,4.267985067,12.99,-,12.2,13.555786,0.21,7.31,10.04,4.5,2.57,1.78,-,-,0.89,-,-,100.0379851,-,-,40,0.8,-,1830,-,1110,569,135.24,13.6,-,8.61,25,258,-,69,-,62,40,178,7.86,-,12.74,3.93,25,43.4,115.3,216.93,25.96,105.77,-,21.3,6.33,15.78,2.1,10.62,1.72,3.81,0.48,2.6,0.37,37.47,0.80,7.13,43.65,4.30,13.10,12.30,0.21,7.37,10.13,4.54,2.59,1.80,-,-,-,-,-,-,-,-,-,-,-,-,-,-,-,-,-,-,-,-,-,-,-,-,-,-,-,-,-,-,-,-,-,-,-,-,-,-,-,-,-
WSR-10-40,Standing Rocks West,BOMB,Nathalie PhD,36.33,3.92,10.06,-,-,12.21,0.17,5.74,15.55,3.72,0.56,1.7,1.22,0.04,9.3,4.88,4.42,99.33,-,-,11.9,3.7,4,1328.9,-,1881,445,84,9.1,-,5.3,19,307,0.027,184.734,45.3,178,32,129,<1,-,9.3,4.1,21.9,32.1,101.4,211.8,24.68,97.5,-,16.73,4.77,13.06,1.7,8.48,1.26,2.99,0.38,2.29,0.34,34.31,0.61,4.82,40.94,4.42,11.34,12.38,0.19,6.47,17.52,4.19,0.63,1.92,327.1,262.1,202.295082,162.5,85.79487179,64.89795918,50.42471042,35.8649789,26.33540373,17.30769231,14.23809524,11.72839506,10.9569378,10.55900621,110.7142857,117.8120617,129.2682927,143.220339,115.5482815,71.37628111,81.5291978,39.73214286,29.44983819,28.39285714,21.94957983,18.3599325,11.50610583,7.054945055,4.770833333,4.594594595,-,-,-,-,-,-,-,-,-,-,-
WSR-10-9,Standing Rocks West,pyroclasts,Nathalie PhD,36.6,3.81,9.29,-,-,11.84,0.17,7.56,15.18,2.79,1.02,1.53,1.19,0.1,9.5,4.76,4.74,99.36,-,-,18.5,1.6,6,2000.4,-,836,439.4,83.3,10.6,-,5.7,20,257,0.032,218.944,47,157,69,119,<1,-,9.6,4.5,18.1,34.8,104,219.6,25.54,109.4,-,17.53,5.25,14.07,1.75,7.97,1.43,3.05,0.44,2.37,0.35,41.50,0.59,4.30,41.31,4.30,10.48,12.03,0.19,8.53,17.13,3.15,1.15,1.73,335.5,271.8,209.3442623,182.3,89.8974359,71.42857143,54.32432432,36.91983122,24.7515528,19.64285714,14.52380952,13.58024691,11.33971292,10.86956522,114.2857143,116.8302945,139.0243902,146.8926554,119.8036007,80.08784773,73.37627802,39.23214286,34.30420712,31.25,23.64705882,17.84473031,10.81411126,7.648351648,4.9375,4.72972973,-,-,-,-,-,-,-,-,-,-,-
KH12-HB-3,Standing Rocks East,"dyke?, east of SRE",2012 Workshop,-,-,-,-,-,-,-,-,-,-,-,-,-,-,-,-,-,-,-,-,-,-,-,-,-,-,-,-,-,-,-,-,-,-,-,-,-,-,-,-,-,-,-,-,-,-,-,-,-,-,-,-,-,-,-,-,-,-,-,-,45.67,0.55,4.18,41.18,4.59,11.00,13.33,0.28,11.21,12.66,3.21,0.97,1.57,326.5,273.5,218.5245902,184.2,89.02564103,71.29251701,56.17760618,35.8649789,25.40372671,18.13186813,15.0952381,12.34567901,10.33492823,9.00621118,-,-,-,-,-,-,-,-,-,-,-,-,-,-,-,-,0.70366494,-11.853230,3.81326E-06,0.703635119,0.512746276,0.512753693,2.112140,38.5044,15.5435,18.8999,0.282814
HBVF-RTB,Round Top Butte,-,Nathalie 2015,40.12,4.25,11.13,-,-,14.02,0.18,9.44,10.59,3.09,0.87,1.28,0.05,<0.02,4.4,0.2,4.2,99.49,-,-,30,0.3,<1,1337.4,1323,958,410.8,84.6,9.2,9.98,4,20,262,0.027,184.734,52.1,149,58,135,8,4.87,7.9,2,20.7,30.6,78.5,169,21.08,84.2,90.4,15.85,4.42,12.45,1.45,7.35,1.14,2.81,0.34,1.9,0.25,-,-,-,-,-,-,-,-,-,-,-,-,-,-,-,-,-,-,-,-,-,-,-,-,-,-,-,-,-,-,-,-,-,-,-,-,-,-,-,-,-,-,-,-,-,-,-,-,-,-,-,-,-,-
,,,,,,,,,,,,,,,,,,,,,,,,,,,,,,,,,,,,,,,,,,,,,,,,,,,,,,,,,,,,,,,,,,,,,,,,,,,,,,,,,,,,,,,,,,,,,,,,,,,,,,,,,,,,,,,,,,,,,
,,,,,,,,,,,,,,,,,,,,,,,,,,,,,,,,,,,,,,,,,,,,,,,,,,,,,,,,,,,,,,,,,,,,,,,,,,,,,,,,,,,,,,,,,,,,,,,,,,,,,,,,,,,,,,,,,,,,,
,,,,,,,,,,,,,,,,,,,,,,,,,,,,,,,,,,,,,,,,,,,,,,,,,,,,,,,,,,,,,,,,,,,,,,,,,,,,,,,,,,,,,,,,,,,,,,,,,,,,,,,,,,,,,,,,,,,,,